[ 
 {
    "Mode": "Create",
    "Takes": {
		"Code": "neolithicmod:door-assemble-bamboo-brown-*",
        "Type": "Block",		
		"Remove": true	
    },
    "Tool": {
        "Code": "neolithicmod:panel-bamboo-brown-down",
        "Type": "Item",				
    },
    "Makes": [{
        "Code": "neolithicmod:door-full-bamboo-brown-east",
        "Type": "Block",		
        "StackSize": 2
    }],
    "IsTool": true,
    "CraftSound": "sounds/block/planks",
    "Disabled": false
 },
 {
    "Mode": "Create",
    "Takes": {
		"Code": "neolithicmod:door-assemble-bamboo-green-*",
        "Type": "Block",		
		"Remove": true	
    },
    "Tool": {
        "Code": "neolithicmod:panel-bamboo-green-down",
        "Type": "Item",				
    },
    "Makes": [{
        "Code": "neolithicmod:door-full-bamboo-green-east",
        "Type": "Block",		
        "StackSize": 2
    }],
    "IsTool": true,
    "CraftSound": "sounds/block/planks",
    "Disabled": false
 },
 {
    "Mode": "Create",
    "Takes": {
		"Code": "neolithicmod:door-assemble-aged-*",
        "Type": "Block",		
		"Remove": true	
    },
    "Tool": {
        "Code": "neolithicmod:panel-aged-debarked-down",
        "Type": "Item",				
    },
    "Makes": [{
        "Code": "neolithicmod:door-full-aged-east",
        "Type": "Block",		
        "StackSize": 2
    }],
    "IsTool": true,
    "CraftSound": "sounds/block/planks",
    "Disabled": false
 },  
  {
    "Mode": "Create",
    "Takes": {
		"Code": "neolithicmod:door-assemble-acacia-*",
        "Type": "Block",		
		"Remove": true	
    },
    "Tool": {
        "Code": "neolithicmod:panel-acacia-debarked-down",
        "Type": "Item",				
    },
    "Makes": [{
        "Code": "neolithicmod:door-full-acacia-east",
        "Type": "Block",		
        "StackSize": 2
    }],
    "IsTool": true,
    "CraftSound": "sounds/block/planks",
    "Disabled": false
 },
 {
    "Mode": "Create",
    "Takes": {
		"Code": "neolithicmod:door-assemble-birch-*",
        "Type": "Block",		
		"Remove": true	
    },
    "Tool": {
        "Code": "neolithicmod:panel-birch-debarked-down",
        "Type": "Item",				
    },
    "Makes": [{
        "Code": "neolithicmod:door-full-birch-east",
        "Type": "Block",		
        "StackSize": 2
    }],
    "IsTool": true,
    "CraftSound": "sounds/block/planks",
    "Disabled": false
 },
  {
    "Mode": "Create",
    "Takes": {
		"Code": "neolithicmod:door-assemble-kapok-*",
        "Type": "Block",		
		"Remove": true	
    },
    "Tool": {
        "Code": "neolithicmod:panel-kapok-debarked-down",
        "Type": "Item",				
    },
    "Makes": [{
        "Code": "neolithicmod:door-full-kapok-east",
        "Type": "Block",		
        "StackSize": 2
    }],
    "IsTool": true,
    "CraftSound": "sounds/block/planks",
    "Disabled": false
 },
  {
    "Mode": "Create",
    "Takes": {
		"Code": "neolithicmod:door-assemble-maple-*",
        "Type": "Block",		
		"Remove": true	
    },
    "Tool": {
        "Code": "neolithicmod:panel-maple-debarked-down",
        "Type": "Item",				
    },
    "Makes": [{
        "Code": "neolithicmod:door-full-maple-east",
        "Type": "Block",		
        "StackSize": 2
    }],
    "IsTool": true,
    "CraftSound": "sounds/block/planks",
    "Disabled": false
 },
 {
    "Mode": "Create",
    "Takes": {
		"Code": "neolithicmod:door-assemble-oak-*",
        "Type": "Block",		
		"Remove": true	
    },
    "Tool": {
        "Code": "neolithicmod:panel-oak-debarked-down",
        "Type": "Item",				
    },
    "Makes": [{
        "Code": "neolithicmod:door-full-oak-east",
        "Type": "Block",		
        "StackSize": 2
    }],
    "IsTool": true,
    "CraftSound": "sounds/block/planks",
    "Disabled": false
 },
 {
    "Mode": "Create",
    "Takes": {
		"Code": "neolithicmod:door-assemble-pine-*",
        "Type": "Block",		
		"Remove": true	
    },
    "Tool": {
        "Code": "neolithicmod:panel-pine-debarked-down",
        "Type": "Item",				
    },
    "Makes": [{
        "Code": "neolithicmod:door-full-pine-east",
        "Type": "Block",		
        "StackSize": 2
    }],
    "IsTool": true,
    "CraftSound": "sounds/block/planks",
    "Disabled": false
 },
]