[ 
 {
    "Mode": "Swap",
    "Takes": {
		"Code": "neolithicmod:panel-bamboo-brown-*",
        "Type": "Block",		
		"Remove": true	
    },
    "Tool": {
        "Code": "neolithicmod:animal-leatherstrips",
        "Type": "Item",
		"StackSize": 2
    },
    "Makes": [{
        "Code": "neolithicmod:door-assemble-bamboo-brown-east",
        "Type": "Block",		
        
    }],
    "IsTool": false,
    "CraftSound": "sounds/block/planks",
    "Disabled": false
 },
 {
    "Mode": "Swap",
    "Takes": {
		"Code": "neolithicmod:panel-bamboo-green-*",
        "Type": "Block",		
		"Remove": true	
    },
    "Tool": {
        "Code": "neolithicmod:animal-leatherstrips",
        "Type": "Item",
		"StackSize": 2
    },
    "Makes": [{
        "Code": "neolithicmod:door-assemble-bamboo-green-east",
        "Type": "Block",		
        
    }],
    "IsTool": false,
    "CraftSound": "sounds/block/planks",
    "Disabled": false
 }, 
 {
    "Mode": "Swap",
    "Takes": {
		"Code": "neolithicmod:panel-aged-debarked-*",
        "Type": "Block",		
		"Remove": true	
    },
    "Tool": {
        "Code": "game:hinges-*",
        "Type": "Item",
		"StackSize": 2
    },
    "Makes": [{
        "Code": "neolithicmod:door-assemble-aged-east",
        "Type": "Block",		
        
    }],
    "IsTool": false,
    "CraftSound": "sounds/block/planks",
    "Disabled": false
 },  
  {
    "Mode": "Swap",
    "Takes": {
		"Code": "neolithicmod:panel-acacia-debarked-*",
        "Type": "Block",		
		"Remove": true	
    },
    "Tool": {
        "Code": "game:hinges-*",
        "Type": "Item",
		"StackSize": 2
    },
    "Makes": [{
        "Code": "neolithicmod:door-assemble-acacia-east",
        "Type": "Block",		
        
    }],
    "IsTool": false,
    "CraftSound": "sounds/block/planks",
    "Disabled": false
 },
 {
    "Mode": "Swap",
    "Takes": {
		"Code": "neolithicmod:panel-birch-debarked-*",
        "Type": "Block",		
		"Remove": true	
    },
    "Tool": {
        "Code": "game:hinges-*",
        "Type": "Item",
		 "StackSize": 2
    },
    "Makes": [{
        "Code": "neolithicmod:door-assemble-birch-east",
        "Type": "Block",		
       
    }],
    "IsTool": false,
    "CraftSound": "sounds/block/planks",
    "Disabled": false
 },
{
    "Mode": "Swap",
    "Takes": {
		"Code": "neolithicmod:panel-kapok-debarked-*",
        "Type": "Block",		
		"Remove": true	
    },
    "Tool": {
        "Code": "game:hinges-*",
        "Type": "Item",	
		"StackSize": 2
    },
    "Makes": [{
        "Code": "neolithicmod:door-assemble-kapok-east",
        "Type": "Block",		
        
    }],
    "IsTool": false,
    "CraftSound": "sounds/block/planks",
    "Disabled": false
 },
 {
    "Mode": "Swap",
    "Takes": {
		"Code": "neolithicmod:panel-maple-debarked-*",
        "Type": "Block",		
		"Remove": true	
    },
    "Tool": {
        "Code": "game:hinges-*",
        "Type": "Item",
		"StackSize": 2
    },
    "Makes": [{
        "Code": "neolithicmod:door-assemble-maple-east",
        "Type": "Block",		
        
    }],
    "IsTool": false,
    "CraftSound": "sounds/block/planks",
    "Disabled": false
 },
 {
    "Mode": "Swap",
    "Takes": {
		"Code": "neolithicmod:panel-oaks-debarked-*",
        "Type": "Block",		
		"Remove": true	
    },
    "Tool": {
        "Code": "game:hinges-*",
        "Type": "Item",
		"StackSize": 2
    },
    "Makes": [{
       "Code": "neolithicmod:door-assemble-oaks-east",
        "Type": "Block",		
        
    }],
    "IsTool": false,
    "CraftSound": "sounds/block/planks",
    "Disabled": false
 },
 {
    "Mode": "Swap",
    "Takes": {
		"Code": "neolithicmod:panel-pine-debarked-*",
        "Type": "Block",		
		"Remove": true	
    },
    "Tool": {
        "Code": "game:hinges-*",
        "Type": "Item",
		"StackSize": 2
    },
    "Makes": [{
        "Code": "neolithicmod:door-assemble-pine-east",
        "Type": "Block",		
        
    }],
    "IsTool": false,
    "CraftSound": "sounds/block/planks",
    "Disabled": false
 }, 
]