{
	"editor": {
		"allAngles": true,
		"singleTexture": false
	},
	"textureWidth": 64,
	"textureHeight": 64,
	"textures": {
		"wood": "block/wood/debarked/pine"
	},
	"elements": [
		{
			"name": "bowl",
			"from": [ -10.0, 5.0, 5.0 ], 
			"to": [ -6.0, 6.0, 11.0 ], 
			"rotationOrigin": [ 0.0, 0.0, 0.0 ],
			"rotationY": 90.0,
			"faces": {
				"north": { "texture": "#wood", "uv": [ 0.0, 0.0, 32.0, 32.0 ], "autoUv": false, "snapUv": false },
				"east": { "texture": "#wood", "uv": [ 0.0, 0.0, 32.0, 32.0 ], "autoUv": false, "snapUv": false },
				"south": { "texture": "#wood", "uv": [ 0.0, 0.0, 32.0, 32.0 ], "autoUv": false, "snapUv": false },
				"west": { "texture": "#wood", "uv": [ 0.0, 0.0, 32.0, 32.0 ], "autoUv": false, "snapUv": false },
				"up": { "texture": "#wood", "uv": [ 0.0, 0.0, 32.0, 32.0 ], "autoUv": false, "snapUv": false },
				"down": { "texture": "#wood", "uv": [ 0.0, 0.0, 32.0, 32.0 ], "autoUv": false, "snapUv": false }
			},
			"children": [
				{
					"name": "Cube1",
					"from": [ -1.0, 1.0, -1.0 ], 
					"to": [ 5.0, 2.0, 0.0 ], 
					"faces": {
						"north": { "texture": "#wood", "uv": [ 0.0, 0.0, 32.0, 32.0 ], "autoUv": false, "snapUv": false },
						"east": { "texture": "#wood", "uv": [ 0.0, 0.0, 32.0, 32.0 ], "autoUv": false, "snapUv": false },
						"south": { "texture": "#wood", "uv": [ 0.0, 0.0, 32.0, 32.0 ], "autoUv": false, "snapUv": false },
						"west": { "texture": "#wood", "uv": [ 0.0, 0.0, 32.0, 32.0 ], "autoUv": false, "snapUv": false },
						"up": { "texture": "#wood", "uv": [ 0.0, 0.0, 32.0, 32.0 ], "autoUv": false, "snapUv": false },
						"down": { "texture": "#wood", "uv": [ 24.0, 25.0, 32.0, 32.0 ], "autoUv": false, "snapUv": false }
					}
				},
				{
					"name": "Cube21",
					"from": [ -1.0, 1.0, 6.0 ], 
					"to": [ 5.0, 2.0, 7.0 ], 
					"faces": {
						"north": { "texture": "#wood", "uv": [ 0.0, 0.0, 32.0, 32.0 ], "autoUv": false, "snapUv": false },
						"east": { "texture": "#wood", "uv": [ 0.0, 0.0, 32.0, 32.0 ], "autoUv": false, "snapUv": false },
						"south": { "texture": "#wood", "uv": [ 0.0, 0.0, 32.0, 32.0 ], "autoUv": false },
						"west": { "texture": "#wood", "uv": [ 0.0, 0.0, 32.0, 32.0 ], "autoUv": false, "snapUv": false },
						"up": { "texture": "#wood", "uv": [ 0.0, 0.0, 32.0, 32.0 ], "autoUv": false, "snapUv": false },
						"down": { "texture": "#wood", "uv": [ 0.0, 0.0, 32.0, 32.0 ], "autoUv": false, "snapUv": false }
					}
				},
				{
					"name": "Cube22",
					"from": [ -1.0, 1.0, 0.0 ], 
					"to": [ 0.0, 2.0, 6.0 ], 
					"faces": {
						"north": { "texture": "#wood", "uv": [ 12.0, 11.0, 49.0, 29.0 ], "autoUv": false },
						"east": { "texture": "#wood", "uv": [ 0.0, 9.0, 32.0, 32.0 ], "autoUv": false },
						"south": { "texture": "#wood", "uv": [ 0.0, 0.0, 32.0, 32.0 ], "autoUv": false, "snapUv": false },
						"west": { "texture": "#wood", "uv": [ 0.0, 0.0, 32.0, 32.0 ], "autoUv": false },
						"up": { "texture": "#wood", "uv": [ 0.0, 0.0, 32.0, 32.0 ], "autoUv": false, "snapUv": false },
						"down": { "texture": "#wood", "uv": [ 0.0, 0.0, 32.0, 32.0 ], "autoUv": false, "snapUv": false }
					}
				},
				{
					"name": "Cube23",
					"from": [ 4.0, 1.0, 0.0 ], 
					"to": [ 5.0, 2.0, 7.0 ], 
					"faces": {
						"north": { "texture": "#wood", "uv": [ 0.0, 0.0, 32.0, 32.0 ], "autoUv": false, "snapUv": false },
						"east": { "texture": "#wood", "uv": [ 0.0, 0.0, 32.0, 32.0 ], "autoUv": false, "snapUv": false },
						"south": { "texture": "#wood", "uv": [ 0.0, 0.0, 32.0, 32.0 ], "autoUv": false, "snapUv": false },
						"west": { "texture": "#wood", "uv": [ 0.0, 0.0, 32.0, 32.0 ], "autoUv": false, "snapUv": false },
						"up": { "texture": "#wood", "uv": [ 0.0, 0.0, 32.0, 32.0 ], "autoUv": false, "snapUv": false },
						"down": { "texture": "#wood", "uv": [ 0.0, 0.0, 32.0, 32.0 ], "autoUv": false, "snapUv": false }
					}
				}
			]
		}
	]}