{
	code: "humanoid-trader-treasurehunter",
	class: "EntityTrader",
	canClimb: true,
	hitboxSize: { x: 0.6, y: 1.75 },
	deadHitboxSize: { x: 0.75, y: 0.5 },
	client: {
		renderer: "Shape",
		shape: { base: "entity/humanoid/trader" },
		texture: { base: "entity/humanoid/trader" },
		behaviors: [
			{ code: "nametag", "showtagonlywhentargeted": true }, 
			{ code: "repulseagents" }, 
			{ code: "controlledphysics", stepHeight: 1.01 }, 
			{ code: "interpolateposition" }
		],
		animations: [
			{
				code: "die",
				animation: "die", 
				animationSpeed: 1.75,
				weight: 10,
				blendMode: "AddAverage"
			},
			{
				code: "hurt",
				animation: "hurt", 
				animationSpeed: 2,
				blendMode: "AddAverage" 
			}
		]
	},
	server: {
		attributes: {
			pathfinder: {
				minTurnAnglePerSec: 720,
				maxTurnAnglePerSec: 1440
			},
			tradeProps: {
				money: { avg: 30, var: 10 },



    "selling": {
        "maxItems": 8,
        "list": [
            {
                "name": "Loot Vessel (Seed)",
                "code": "lootvessel-seed",
                "type": "block",
                "stacksize": 1,
                "stock": {
                    "avg": 4,
                    "var": 1
                },
                "price": {
                    "avg": 8,
                    "var": 2
                }
            },
            {
                "name": "Loot Vessel (Food)",
                "code": "lootvessel-food",
                "type": "block",
                "stacksize": 1,
                "stock": {
                    "avg": 4,
                    "var": 1
                },
                "price": {
                    "avg": 6,
                    "var": 1.5
                }
            },
            {
                "name": "Loot Vessel (Forage)",
                "code": "lootvessel-forage",
                "type": "block",
                "stacksize": 1,
                "stock": {
                    "avg": 4,
                    "var": 1
                },
                "price": {
                    "avg": 6,
                    "var": 1.5
                }
            },
            {
                "name": "Loot Vessel (Ore)",
                "code": "lootvessel-ore",
                "type": "block",
                "stacksize": 1,
                "stock": {
                    "avg": 4,
                    "var": 1
                },
                "price": {
                    "avg": 6,
                    "var": 1.5
                }
            },
            {
                "name": "Loot Vessel (Tool)",
                "code": "lootvessel-tool",
                "type": "block",
                "stacksize": 1,
                "stock": {
                    "avg": 4,
                    "var": 1
                },
                "price": {
                    "avg": 6,
                    "var": 1.5
                }
            },
            {
                "name": "Loot Vessel (Farming)",
                "code": "lootvessel-farming",
                "type": "block",
                "stacksize": 1,
                "stock": {
                    "avg": 4,
                    "var": 1
                },
                "price": {
                    "avg": 6,
                    "var": 1.5
                }
            },
            {
                "name": "Lore",
                "code": "lore-scroll",
                "type": "item",
                "stacksize": 1,
                "stock": {
                    "avg": 1,
                    "var": 0.25
                },
                "price": {
                    "avg": 4,
                    "var": 1
                },
                "attributes": {
                    "category": "villager"
                }
            },
            {
                "name": "Rough Emerald",
                "code": "gem-emerald-rough",
                "type": "item",
                "stacksize": 1,
                "stock": {
                    "avg": 4,
                    "var": 1
                },
                "price": {
                    "avg": 8,
                    "var": 2
                }
            },
            {
                "name": "Rough Lapis Lazuli",
                "code": "ore-lapislazuli",
                "type": "item",
                "stacksize": 6,
                "stock": {
                    "avg": 4,
                    "var": 1
                },
                "price": {
                    "avg": 1,
                    "var": 0.25
                }
            },
            {
                "name": "Omok Table Top",
                "code": "omoktabletop",
                "type": "block",
                "stacksize": 1,
                "stock": {
                    "avg": 1,
                    "var": 0.25
                },
                "price": {
                    "avg": 10,
                    "var": 2.5
                }
            },
            {
                "name": "Temporal Gear",
                "code": "gear-temporal",
                "type": "item",
                "stacksize": 1,
                "stock": {
                    "avg": 1,
                    "var": 0.25
                },
                "price": {
                    "avg": 5,
                    "var": 1.25
                }
            },
            {
                "name": "Lackey Shoes",
                "code": "clothes-foot-lackey-shoes",
                "type": "item",
                "stacksize": 1,
                "stock": {
                    "avg": 2,
                    "var": 0.5
                },
                "price": {
                    "avg": 2,
                    "var": 0.5
                }
            },
            {
                "name": "Lackey Gloves",
                "code": "clothes-hand-lackey-gloves",
                "type": "item",
                "stacksize": 1,
                "stock": {
                    "avg": 2,
                    "var": 0.5
                },
                "price": {
                    "avg": 2,
                    "var": 0.5
                }
            },
            {
                "name": "Lackey Hat",
                "code": "clothes-head-lackey-hat",
                "type": "item",
                "stacksize": 1,
                "stock": {
                    "avg": 2,
                    "var": 0.5
                },
                "price": {
                    "avg": 2,
                    "var": 0.5
                }
            },
            {
                "name": "Lackey Breeches",
                "code": "clothes-lowerbody-lackey-breeches",
                "type": "item",
                "stacksize": 1,
                "stock": {
                    "avg": 2,
                    "var": 0.5
                },
                "price": {
                    "avg": 3,
                    "var": 0.75
                }
            },
            {
                "name": "Lackey Shirt",
                "code": "clothes-upperbody-lackey-shirt",
                "type": "item",
                "stacksize": 1,
                "stock": {
                    "avg": 2,
                    "var": 0.5
                },
                "price": {
                    "avg": 3,
                    "var": 0.75
                }
            },
            {
                "name": "Squire Bracers",
                "code": "clothes-arm-squire-bracers",
                "type": "item",
                "stacksize": 1,
                "stock": {
                    "avg": 1,
                    "var": 0.25
                },
                "price": {
                    "avg": 2,
                    "var": 0.5
                }
            },
            {
                "name": "Squire Boots",
                "code": "clothes-foot-squire-boots",
                "type": "item",
                "stacksize": 1,
                "stock": {
                    "avg": 1,
                    "var": 0.25
                },
                "price": {
                    "avg": 2,
                    "var": 0.5
                }
            },
            {
                "name": "Squire Hood",
                "code": "clothes-head-squire-hood",
                "type": "item",
                "stacksize": 1,
                "stock": {
                    "avg": 1,
                    "var": 0.25
                },
                "price": {
                    "avg": 2,
                    "var": 0.5
                }
            },
            {
                "name": "Squire Pants",
                "code": "clothes-lowerbody-squire-pants",
                "type": "item",
                "stacksize": 1,
                "stock": {
                    "avg": 1,
                    "var": 0.25
                },
                "price": {
                    "avg": 3,
                    "var": 0.75
                }
            },
            {
                "name": "Squire Shirt",
                "code": "clothes-upperbody-squire-shirt",
                "type": "item",
                "stacksize": 1,
                "stock": {
                    "avg": 1,
                    "var": 0.25
                },
                "price": {
                    "avg": 3,
                    "var": 0.75
                }
            },
            {
                "name": "Squire Tunic",
                "code": "clothes-shoulder-squire-tunic",
                "type": "item",
                "stacksize": 1,
                "stock": {
                    "avg": 1,
                    "var": 0.25
                },
                "price": {
                    "avg": 3,
                    "var": 0.75
                }
            },
            {
                "name": "Squire Belt",
                "code": "clothes-waist-squire-belt",
                "type": "item",
                "stacksize": 1,
                "stock": {
                    "avg": 1,
                    "var": 0.25
                },
                "price": {
                    "avg": 2,
                    "var": 0.5
                }
            },
            {
                "name": "Messenger Shoes",
                "code": "clothes-foot-messenger-shoes",
                "type": "item",
                "stacksize": 1,
                "stock": {
                    "avg": 1,
                    "var": 0.25
                },
                "price": {
                    "avg": 2,
                    "var": 0.5
                }
            },
            {
                "name": "Messenger Hat",
                "code": "clothes-head-messengers-hat",
                "type": "item",
                "stacksize": 1,
                "stock": {
                    "avg": 1,
                    "var": 0.25
                },
                "price": {
                    "avg": 2,
                    "var": 0.5
                }
            },
            {
                "name": "Messenger Trousers",
                "code": "clothes-lowerbody-messenger-trousers",
                "type": "item",
                "stacksize": 1,
                "stock": {
                    "avg": 1,
                    "var": 0.25
                },
                "price": {
                    "avg": 3,
                    "var": 0.75
                }
            },
            {
                "name": "Messenger Shirt",
                "code": "clothes-upperbody-messenger-shirt",
                "type": "item",
                "stacksize": 1,
                "stock": {
                    "avg": 1,
                    "var": 0.25
                },
                "price": {
                    "avg": 3,
                    "var": 0.75
                }
            },
            {
                "name": "Messenger Belt",
                "code": "clothes-waist-messenger-belt",
                "type": "item",
                "stacksize": 1,
                "stock": {
                    "avg": 1,
                    "var": 0.25
                },
                "price": {
                    "avg": 2,
                    "var": 0.5
                }
            },
            {
                "name": "Painting (Howl)",
                "code": "painting-howl-north",
                "type": "block",
                "stacksize": 1,
                "stock": {
                    "avg": 1,
                    "var": 0.25
                },
                "price": {
                    "avg": 8,
                    "var": 2
                }
            },
            {
                "name": "Painting (Elk)",
                "code": "painting-elk-north",
                "type": "block",
                "stacksize": 1,
                "stock": {
                    "avg": 1,
                    "var": 0.25
                },
                "price": {
                    "avg": 8,
                    "var": 2
                }
            },
            {
                "name": "Painting (Underwater)",
                "code": "painting-underwater-north",
                "type": "block",
                "stacksize": 1,
                "stock": {
                    "avg": 1,
                    "var": 0.25
                },
                "price": {
                    "avg": 8,
                    "var": 2
                }
            },
            {
                "name": "Painting (Prey)",
                "code": "painting-prey-north",
                "type": "block",
                "stacksize": 1,
                "stock": {
                    "avg": 1,
                    "var": 0.25
                },
                "price": {
                    "avg": 8,
                    "var": 2
                }
            },
            {
                "name": "Painting (Forest Dawn)",
                "code": "painting-forestdawn-north",
                "type": "block",
                "stacksize": 1,
                "stock": {
                    "avg": 1,
                    "var": 0.25
                },
                "price": {
                    "avg": 8,
                    "var": 2
                }
            }
        ]
    },
    "buying": {
        "maxItems": 8,
        "list": [
            {
                "name": "Ore Blasting Bomb",
                "code": "oreblastingbomb",
                "type": "block",
                "stacksize": 6,
                "stock": {
                    "avg": 5,
                    "var": 1.25
                },
                "price": {
                    "avg": 1,
                    "var": 0.25
                }
            },
            {
                "name": "Tin Bronze Sword",
                "code": "sword-tinbronze",
                "type": "item",
                "stacksize": 1,
                "stock": {
                    "avg": 2,
                    "var": 0.5
                },
                "price": {
                    "avg": 3,
                    "var": 0.75
                }
            },
            {
                "name": "Bismuth Bronze Sword",
                "code": "sword-bismuthbronze",
                "type": "item",
                "stacksize": 1,
                "stock": {
                    "avg": 2,
                    "var": 0.5
                },
                "price": {
                    "avg": 3,
                    "var": 0.75
                }
            },
            {
                "name": "Black Bronze Sword",
                "code": "sword-blackbronze",
                "type": "item",
                "stacksize": 1,
                "stock": {
                    "avg": 2,
                    "var": 0.5
                },
                "price": {
                    "avg": 4,
                    "var": 1
                }
            },
            {
                "name": "Tin Bronze Pickaxe",
                "code": "pickaxe-tinbronze",
                "type": "item",
                "stacksize": 1,
                "stock": {
                    "avg": 2,
                    "var": 0.5
                },
                "price": {
                    "avg": 3,
                    "var": 0.75
                }
            },
            {
                "name": "Bismuth Bronze Pickaxe",
                "code": "pickaxe-bismuthbronze",
                "type": "item",
                "stacksize": 1,
                "stock": {
                    "avg": 2,
                    "var": 0.5
                },
                "price": {
                    "avg": 3,
                    "var": 0.75
                }
            },
            {
                "name": "Black Bronze Pickaxe",
                "code": "pickaxe-blackbronze",
                "type": "item",
                "stacksize": 1,
                "stock": {
                    "avg": 2,
                    "var": 0.5
                },
                "price": {
                    "avg": 4,
                    "var": 1
                }
            },
            {
                "name": "Tin Bronze Shovel",
                "code": "shovel-tinbronze",
                "type": "item",
                "stacksize": 1,
                "stock": {
                    "avg": 2,
                    "var": 0.5
                },
                "price": {
                    "avg": 3,
                    "var": 0.75
                }
            },
            {
                "name": "Bismuth Bronze Shovel",
                "code": "shovel-bismuthbronze",
                "type": "item",
                "stacksize": 1,
                "stock": {
                    "avg": 2,
                    "var": 0.5
                },
                "price": {
                    "avg": 3,
                    "var": 0.75
                }
            },
            {
                "name": "Black Bronze Shovel",
                "code": "shovel-blackbronze",
                "type": "item",
                "stacksize": 1,
                "stock": {
                    "avg": 2,
                    "var": 0.5
                },
                "price": {
                    "avg": 4,
                    "var": 1
                }
            },
            {
                "name": "Backpack",
                "code": "backpack",
                "type": "item",
                "stacksize": 2,
                "stock": {
                    "avg": 5,
                    "var": 1.25
                },
                "price": {
                    "avg": 1,
                    "var": 0.25
                }
            },
            {
                "name": "Linen Sack",
                "code": "linensack",
                "type": "item",
                "stacksize": 1,
                "stock": {
                    "avg": 2,
                    "var": 0.5
                },
                "price": {
                    "avg": 1,
                    "var": 0.25
                }
            },
            {
                "name": "Candle",
                "code": "candle-wax",
                "type": "item",
                "stacksize": 2,
                "stock": {
                    "avg": 5,
                    "var": 1.25
                },
                "price": {
                    "avg": 1,
                    "var": 0.25
                }
            },
            {
                "name": "Wolf Ashgrey (Pup)",
                "code": "creature-wolf-pup-ashgrey",
                "type": "item",
                "stacksize": 1,
                "stock": {
                    "avg": 1,
                    "var": 0.25
                },
                "price": {
                    "avg": 8,
                    "var": 2
                }
            },
			 {
                "name": "Wolf Black (Pup)",
                "code": "creature-wolf-pup-black",
                "type": "item",
                "stacksize": 1,
                "stock": {
                    "avg": 1,
                    "var": 0.25
                },
                "price": {
                    "avg": 8,
                    "var": 2
                }
            },
			 {
                "name": "Wolf Brown (Pup)",
                "code": "creature-wolf-pup-brown",
                "type": "item",
                "stacksize": 1,
                "stock": {
                    "avg": 1,
                    "var": 0.25
                },
                "price": {
                    "avg": 8,
                    "var": 2
                }
            },
			 {
                "name": "Wolf Darkgrey(Pup)",
                "code": "creature-wolf-pup-darkgrey",
                "type": "item",
                "stacksize": 1,
                "stock": {
                    "avg": 1,
                    "var": 0.25
                },
                "price": {
                    "avg": 8,
                    "var": 2
                }
            },
			 {
                "name": "Wolf Gold(Pup)",
                "code": "creature-wolf-pup-gold",
                "type": "item",
                "stacksize": 1,
                "stock": {
                    "avg": 1,
                    "var": 0.25
                },
                "price": {
                    "avg": 8,
                    "var": 2
                }
            },
			 {
                "name": "Wolf Grey(Pup)",
                "code": "creature-wolf-pup-grey",
                "type": "item",
                "stacksize": 1,
                "stock": {
                    "avg": 1,
                    "var": 0.25
                },
                "price": {
                    "avg": 8,
                    "var": 2
                }
            },
			 {
                "name": "Wolf Silver (Pup)",
                "code": "creature-wolf-pup-silver",
                "type": "item",
                "stacksize": 1,
                "stock": {
                    "avg": 1,
                    "var": 0.25
                },
                "price": {
                    "avg": 8,
                    "var": 2
                }
            },
			 {
                "name": "Wolf Smokegrey (Pup)",
                "code": "creature-wolf-pup-smokegrey",
                "type": "item",
                "stacksize": 1,
                "stock": {
                    "avg": 1,
                    "var": 0.25
                },
                "price": {
                    "avg": 8,
                    "var": 2
                }
            },
			 {
                "name": "Wolf White (Pup)",
                "code": "creature-wolf-pup-white",
                "type": "item",
                "stacksize": 1,
                "stock": {
                    "avg": 1,
                    "var": 0.25
                },
                "price": {
                    "avg": 8,
                    "var": 2
                }
            },
            {
                "name": "Cooked Meat",
                "code": "redmeat-cooked",
                "type": "item",
                "stacksize": 8,
                "stock": {
                    "avg": 5,
                    "var": 1.25
                },
                "price": {
                    "avg": 1,
                    "var": 0.25
                }
            },
            {
                "name": "Spelt Bread",
                "code": "bread-spelt",
                "type": "item",
                "stacksize": 8,
                "stock": {
                    "avg": 5,
                    "var": 1.25
                },
                "price": {
                    "avg": 1,
                    "var": 0.25
                }
            },
            {
                "name": "Rye Bread",
                "code": "bread-rye",
                "type": "item",
                "stacksize": 8,
                "stock": {
                    "avg": 5,
                    "var": 1.25
                },
                "price": {
                    "avg": 1,
                    "var": 0.25
                }
            },
            {
                "name": "Flax Bread",
                "code": "bread-flax",
                "type": "item",
                "stacksize": 8,
                "stock": {
                    "avg": 5,
                    "var": 1.25
                },
                "price": {
                    "avg": 1,
                    "var": 0.25
                }
            },
            {
                "name": "Rice Bread",
                "code": "bread-rice",
                "type": "item",
                "stacksize": 8,
                "stock": {
                    "avg": 5,
                    "var": 1.25
                },
                "price": {
                    "avg": 1,
                    "var": 0.25
                }
            }
        ]
    }
    

	
	
				
			}
		},
		behaviors: [
			{ code: "nametag", selectFromRandomName: ["Vox Nora", "Innis", "Roi", "Quill", "Ephram", "Edel", "Timaf", "Shift"] }, 
			{ code: "repulseagents" }, 
			{ code: "controlledphysics", stepHeight: 1.01 }, 
			{ code: "reviveondeath", minHours: 24, maxHours: 72 },
			{ code: "health", currenthealth: 25, maxhealth: 25 },
			{ 
				code: "emotionstates",
				states: [
					{ code: "aggressiveondamage", duration: 6, chance: 0.9, slot: 0, prority: 2, accumType: "noaccum" },
					{ code: "fleeondamage", duration: 10, chance: 1, slot: 0, prority: 1, accumType: "max" }
				],
			},
			{ 
				code: "taskai",
				aitasks: [
					{
						code: "meleeattack",
						entityCodes: ["player"],
						priority: 2,
						damage: 5,
						mincooldown: 2500, 
						maxcooldown: 3500, 
						attackDurationMs: 900,
						damagePlayerAtMs: 300,
						animation: "Attack",
						animationSpeed: 2,
						whenInEmotionState: "aggressiveondamage",
					},
					{
						code: "seekentity",
						entityCodes: ["player"],
						priority: 1.5,
						mincooldown: 1000, 
						maxcooldown: 1500, 
						seekingRange: 20,
						movespeed: 0.035,
						animation: "Run",
						animationSpeed: 3,
						whenInEmotionState: "aggressiveondamage"
					},
					{
						code: "fleeentity",
						entityCodes: ["player"],
						priority: 1.5,
						movespeed: 0.035,
						seekingRange: 12,
						animation: "Run",
						animationSpeed: 3,
						whenInEmotionState: "fleeondamage"
					},
					{
						code: "idle",
						priority: 1.2,
						minduration: 2500,
						maxduration: 2500,
						mincooldown: 2000,
						maxcooldown: 10000,
						animation: "laugh"
					},
					{
						code: "idle",
						priority: 1.2,
						minduration: 2500,
						maxduration: 2500,
						mincooldown: 5000,
						maxcooldown: 30000,
						animation: "idle2"
					},
					{
						code: "wander", 
						priority: 1.0, 
						movespeed: 0.01,
						animation: "Walk",
						wanderChance: 0.005,
						maxDistanceToSpawn: 4,
						wanderRangeMin: 1,
						wanderRangeMax: 3,
						teleportWhenOutOfRange: true,
						teleportInGameHours: 1
					}, 
					{ 
						code: "lookaround", 
						priority: 0.5
					}
				]
			}
		],
	},
	sounds: {
	}
}