{
	code: "humanoid-trader-buildmaterials",
	class: "EntityTrader",
	canClimb: true,
	hitboxSize: { x: 0.6, y: 1.75 },
	deadHitboxSize: { x: 0.75, y: 0.5 },
	client: {
		renderer: "Shape",
		shape: { base: "entity/humanoid/trader" },
		texture: { base: "entity/humanoid/trader" },
		behaviors: [
			{ code: "nametag", "showtagonlywhentargeted": true }, 
			{ code: "repulseagents" }, 
			{ code: "controlledphysics", stepHeight: 1.01 }, 
			{ code: "interpolateposition" }
		],
		animations: [
			{
				code: "die",
				animation: "die", 
				animationSpeed: 1.75,
				weight: 10,
				blendMode: "AddAverage"
			},
			{
				code: "hurt",
				animation: "hurt", 
				animationSpeed: 2,
				blendMode: "AddAverage" 
			}
		]
	},
	server: {
		attributes: {
			pathfinder: {
				minTurnAnglePerSec: 720,
				maxTurnAnglePerSec: 1440
			},
			tradeProps: {
				money: { avg: 30, var: 10 },



    "selling": {
        "maxItems": 8,
        "list": [
            {
                "code": "planks-birch",
                "type": "block",
                "stacksize": 32,
                "stock": {
                    "avg": 4,
                    "var": 1
                },
                "price": {
                    "avg": 2,
                    "var": 0.5
                }
            },
            {
                "code": "planks-oak",
                "type": "block",
                "stacksize": 32,
                "stock": {
                    "avg": 4,
                    "var": 1
                },
                "price": {
                    "avg": 2,
                    "var": 0.5
                }
            },
            {
                "code": "planks-maple",
                "type": "block",
                "stacksize": 32,
                "stock": {
                    "avg": 4,
                    "var": 1
                },
                "price": {
                    "avg": 2,
                    "var": 0.5
                }
            },
            {
                "code": "planks-pine",
                "type": "block",
                "stacksize": 32,
                "stock": {
                    "avg": 4,
                    "var": 1
                },
                "price": {
                    "avg": 2,
                    "var": 0.5
                }
            },
            {
                "code": "burnedbrick-blue",
                "type": "item",
                "stacksize": 8,
                "stock": {
                    "avg": 8,
                    "var": 2
                },
                "price": {
                    "avg": 2,
                    "var": 0.5
                }
            },
            {
                "code": "burnedbrick-fire",
                "type": "item",
                "stacksize": 8,
                "stock": {
                    "avg": 4,
                    "var": 1
                },
                "price": {
                    "avg": 2,
                    "var": 0.5
                }
            },
            {
                "code": "burnedbrick-brown",
                "type": "item",
                "stacksize": 8,
                "stock": {
                    "avg": 8,
                    "var": 2
                },
                "price": {
                    "avg": 2,
                    "var": 0.5
                }
            },
            {
                "code": "burnedbrick-red",
                "type": "item",
                "stacksize": 8,
                "stock": {
                    "avg": 8,
                    "var": 2
                },
                "price": {
                    "avg": 2,
                    "var": 0.5
                }
            },
            {
                "code": "rockpolished-andesite",
                "type": "block",
                "stacksize": 16,
                "stock": {
                    "avg": 4,
                    "var": 1
                },
                "price": {
                    "avg": 6,
                    "var": 1.5
                }
            },
            {
                "code": "rockpolished-chalk",
                "type": "block",
                "stacksize": 16,
                "stock": {
                    "avg": 4,
                    "var": 1
                },
                "price": {
                    "avg": 6,
                    "var": 1.5
                }
            },
            {
                "code": "rockpolished-claystone",
                "type": "block",
                "stacksize": 16,
                "stock": {
                    "avg": 4,
                    "var": 1
                },
                "price": {
                    "avg": 6,
                    "var": 1.5
                }
            },
            {
                "code": "rockpolished-granite",
                "type": "block",
                "stacksize": 16,
                "stock": {
                    "avg": 4,
                    "var": 1
                },
                "price": {
                    "avg": 6,
                    "var": 1.5
                }
            },
            {
                "code": "rockpolished-sandstone",
                "type": "block",
                "stacksize": 16,
                "stock": {
                    "avg": 4,
                    "var": 1
                },
                "price": {
                    "avg": 6,
                    "var": 1.5
                }
            },
            {
                "code": "rockpolished-shale",
                "type": "block",
                "stacksize": 16,
                "stock": {
                    "avg": 4,
                    "var": 1
                },
                "price": {
                    "avg": 6,
                    "var": 1.5
                }
            },
            {
                "code": "rockpolished-basalt",
                "type": "block",
                "stacksize": 16,
                "stock": {
                    "avg": 4,
                    "var": 1
                },
                "price": {
                    "avg": 6,
                    "var": 1.5
                }
            },
            {
                "code": "plaster-plain",
                "type": "block",
                "stacksize": 32,
                "stock": {
                    "avg": 4,
                    "var": 1
                },
                "price": {
                    "avg": 3,
                    "var": 0.75
                }
            },
            {
                "code": "glass-plain",
                "type": "block",
                "stacksize": 8,
                "stock": {
                    "avg": 4,
                    "var": 1
                },
                "price": {
                    "avg": 2,
                    "var": 0.5
                }
            }
        ]
    },
    "buying": {
        "maxItems": 8,
        "list": [
            {
                "code": "saw-tinbronze",
                "type": "item",
                "stacksize": 1,
                "stock": {
                    "avg": 2,
                    "var": 0.5
                },
                "price": {
                    "avg": 3,
                    "var": 0.75
                }
            },
            {
                "code": "saw-bismuthbronze",
                "type": "item",
                "stacksize": 1,
                "stock": {
                    "avg": 2,
                    "var": 0.5
                },
                "price": {
                    "avg": 3,
                    "var": 0.75
                }
            },
            {
                "code": "saw-blackbronze",
                "type": "item",
                "stacksize": 1,
                "stock": {
                    "avg": 2,
                    "var": 0.5
                },
                "price": {
                    "avg": 4,
                    "var": 1
                }
            },
            {
                "code": "axe-tinbronze",
                "type": "item",
                "stacksize": 1,
                "stock": {
                    "avg": 2,
                    "var": 0.5
                },
                "price": {
                    "avg": 3,
                    "var": 0.75
                }
            },
            {
                "code": "axe-bismuthbronze",
                "type": "item",
                "stacksize": 1,
                "stock": {
                    "avg": 2,
                    "var": 0.5
                },
                "price": {
                    "avg": 3,
                    "var": 0.75
                }
            },
            {
                "code": "axe-blackbronze",
                "type": "item",
                "stacksize": 1,
                "stock": {
                    "avg": 2,
                    "var": 0.5
                },
                "price": {
                    "avg": 4,
                    "var": 1
                }
            },
            {
                "code": "hammer-tinbronze",
                "type": "item",
                "stacksize": 1,
                "stock": {
                    "avg": 2,
                    "var": 0.5
                },
                "price": {
                    "avg": 3,
                    "var": 0.75
                }
            },
            {
                "code": "hammer-bismuthbronze",
                "type": "item",
                "stacksize": 1,
                "stock": {
                    "avg": 2,
                    "var": 0.5
                },
                "price": {
                    "avg": 3,
                    "var": 0.75
                }
            },
            {
                "code": "hammer-blackbronze",
                "type": "item",
                "stacksize": 1,
                "stock": {
                    "avg": 2,
                    "var": 0.5
                },
                "price": {
                    "avg": 4,
                    "var": 1
                }
            },
            {
                "code": "ladder-north",
                "type": "block",
                "stacksize": 16,
                "stock": {
                    "avg": 5,
                    "var": 1.25
                },
                "price": {
                    "avg": 2,
                    "var": 0.5
                }
            },
            {
                "code": "clothes-waist-heavy-tool-belt",
                "type": "item",
                "stacksize": 1,
                "stock": {
                    "avg": 2,
                    "var": 0.5
                },
                "price": {
                    "avg": 2,
                    "var": 0.5
                }
            },
            {
                "code": "clothes-arm-copper-bracelet",
                "type": "item",
                "stacksize": 1,
                "stock": {
                    "avg": 2,
                    "var": 0.5
                },
                "price": {
                    "avg": 6,
                    "var": 1.5
                }
            },
            {
                "code": "clothes-neck-copper-torc",
                "type": "item",
                "stacksize": 1,
                "stock": {
                    "avg": 2,
                    "var": 0.5
                },
                "price": {
                    "avg": 4,
                    "var": 1
                }
            },
            {
                "code": "quicklime",
                "type": "item",
                "stacksize": 16,
                "stock": {
                    "avg": 5,
                    "var": 1.25
                },
                "price": {
                    "avg": 1,
                    "var": 0.25
                }
            },
            {
                "code": "lantern-copper-plain-up",
                "type": "block",
                "stacksize": 1,
                "stock": {
                    "avg": 2,
                    "var": 0.5
                },
                "price": {
                    "avg": 4,
                    "var": 1
                },               
            },
            {
                "code": "lantern-tinbronze-plain-up",
                "type": "block",
                "stacksize": 1,
                "stock": {
                    "avg": 2,
                    "var": 0.5
                },
                "price": {
                    "avg": 5,
                    "var": 1.25
                },
            },
            {
                "code": "lantern-bismuthbronze-plain-up",
                "type": "block",
                "stacksize": 1,
                "stock": {
                    "avg": 2,
                    "var": 0.5
                },
                "price": {
                    "avg": 6,
                    "var": 1.5
                },
            },
            {
                "code": "lantern-blackbronze-plain-up",
                "type": "block",
                "stacksize": 1,
                "stock": {
                    "avg": 2,
                    "var": 0.5
                },
                "price": {
                    "avg": 6,
                    "var": 1.5
                },
            },
            {
                "code": "chest-east",
                "type": "block",
                "stacksize": 1,
                "stock": {
                    "avg": 2,
                    "var": 0.5
                },
                "price": {
                    "avg": 3,
                    "var": 0.75
                },
                "attributes": {
                    "type": "owl"
                }
            },
            {
                "code": "barrel",
                "type": "block",
                "stacksize": 1,
                "stock": {
                    "avg": 3,
                    "var": 0.75
                },
                "price": {
                    "avg": 3,
                    "var": 0.75
                }
            },
            {
                "code": "woodencrate-closed",
                "type": "block",
                "stacksize": 1,
                "stock": {
                    "avg": 3,
                    "var": 0.75
                },
                "price": {
                    "avg": 3,
                    "var": 0.75
                }
            },
            {
                "code": "woodencrate-opened",
                "type": "block",
                "stacksize": 1,
                "stock": {
                    "avg": 3,
                    "var": 0.75
                },
                "price": {
                    "avg": 3,
                    "var": 0.75
                }
            },
            {
                "code": "metal-scraps",
                "type": "block",
                "stacksize": 10,
                "stock": {
                    "avg": 3,
                    "var": 0.75
                },
                "price": {
                    "avg": 1,
                    "var": 0.25
                }
            }
        ]
    }



				
			}
		},
		behaviors: [
			{ code: "nametag", selectFromRandomName: ["Humbert", "Miguel", "Sasha", "Onyx", "Tinker", "Old Eyes", "Haldor", "Whel"] }, 
			{ code: "repulseagents" }, 
			{ code: "controlledphysics", stepHeight: 1.01 }, 
			{ code: "reviveondeath", minHours: 24, maxHours: 72 },
			{ code: "health", currenthealth: 25, maxhealth: 25 },
			{ 
				code: "emotionstates",
				states: [
					{ code: "aggressiveondamage", duration: 6, chance: 0.9, slot: 0, prority: 2, accumType: "noaccum" },
					{ code: "fleeondamage", duration: 10, chance: 1, slot: 0, prority: 1, accumType: "max" }
				],
			},
			{ 
				code: "taskai",
				aitasks: [
					{
						code: "meleeattack",
						entityCodes: ["player"],
						priority: 2,
						damage: 5,
						mincooldown: 2500, 
						maxcooldown: 3500, 
						attackDurationMs: 900,
						damagePlayerAtMs: 300,
						animation: "Attack",
						animationSpeed: 2,
						whenInEmotionState: "aggressiveondamage",
					},
					{
						code: "seekentity",
						entityCodes: ["player"],
						priority: 1.5,
						mincooldown: 1000, 
						maxcooldown: 1500, 
						seekingRange: 20,
						movespeed: 0.035,
						animation: "Run",
						animationSpeed: 3,
						whenInEmotionState: "aggressiveondamage"
					},
					{
						code: "fleeentity",
						entityCodes: ["player"],
						priority: 1.5,
						movespeed: 0.035,
						seekingRange: 12,
						animation: "Run",
						animationSpeed: 3,
						whenInEmotionState: "fleeondamage"
					},
					{
						code: "idle",
						priority: 1.2,
						minduration: 2500,
						maxduration: 2500,
						mincooldown: 5000,
						maxcooldown: 30000,
						animation: "laugh"
					},
					{
						code: "idle",
						priority: 1.2,
						minduration: 2500,
						maxduration: 2500,
						mincooldown: 5000,
						maxcooldown: 30000,
						animation: "idle2"
					},
					{
						code: "wander", 
						priority: 1.0, 
						movespeed: 0.01,
						animation: "Walk",
						wanderChance: 0.005,
						maxDistanceToSpawn: 4,
						wanderRangeMin: 1,
						wanderRangeMax: 3,
						teleportWhenOutOfRange: true,
						teleportInGameHours: 1
					}, 
					{ 
						code: "lookaround", 
						priority: 0.5
					}
				]
			}
		],
	},
	sounds: {
		
	}
}