{
	code: "humanoid-trader-foods",
	class: "EntityTrader",
	canClimb: true,
	hitboxSize: { x: 0.6, y: 1.75 },
	deadHitboxSize: { x: 0.75, y: 0.5 },
	client: {
		renderer: "Shape",
		shape: { base: "entity/humanoid/trader" },
		texture: { base: "entity/humanoid/trader" },
		behaviors: [
			{ code: "nametag", "showtagonlywhentargeted": true }, 
			{ code: "repulseagents" }, 
			{ code: "controlledphysics", stepHeight: 1.01 }, 
			{ code: "interpolateposition" }
		],
		animations: [
			{
				code: "die",
				animation: "die", 
				animationSpeed: 1.75,
				weight: 10,
				blendMode: "AddAverage"
			},
			{
				code: "hurt",
				animation: "hurt", 
				animationSpeed: 2,
				blendMode: "AddAverage" 
			}
		]
	},
	server: {
		attributes: {
			pathfinder: {
				minTurnAnglePerSec: 720,
				maxTurnAnglePerSec: 1440
			},
			tradeProps: {
				money: { avg: 30, var: 10 },
				
    

    "selling": {
        "maxItems": 8,
        "list": [
            {
                "name": "Saguaro Fruit",
                "code": "fruit-saguaro",
                "type": "item",
                "stacksize": 4,
                "stock": {
                    "avg": 4,
                    "var": 1
                },
                "price": {
                    "avg": 2,
                    "var": 0.5
                }
            },
            {
                "name": "Blueberry",
                "code": "fruit-blueberry",
                "type": "item",
                "stacksize": 8,
                "stock": {
                    "avg": 8,
                    "var": 2
                },
                "price": {
                    "avg": 1,
                    "var": 0.25
                }
            },
            {
                "name": "Cranberry",
                "code": "fruit-cranberry",
                "type": "item",
                "stacksize": 8,
                "stock": {
                    "avg": 8,
                    "var": 2
                },
                "price": {
                    "avg": 1,
                    "var": 0.25
                }
            },
            {
                "name": "Parsnip",
                "code": "vegetable-parsnip",
                "type": "item",
                "stacksize": 8,
                "stock": {
                    "avg": 8,
                    "var": 2
                },
                "price": {
                    "avg": 2,
                    "var": 0.5
                }
            },
            {
                "name": "Blue Bowl of Honey",
                "code": "bowl-blue-honey",
                "type": "block",
                "stacksize": 4,
                "stock": {
                    "avg": 2,
                    "var": 0.5
                },
                "price": {
                    "avg": 1,
                    "var": 0.25
                }
            },
			{
                "name": "Brown Bowl of Honey",
                "code": "bowl-brown-honey",
                "type": "block",
                "stacksize": 4,
                "stock": {
                    "avg": 2,
                    "var": 0.5
                },
                "price": {
                    "avg": 1,
                    "var": 0.25
                }
            },
			{
                "name": "Fire Bowl of Honey",
                "code": "bowl-fire-honey",
                "type": "block",
                "stacksize": 4,
                "stock": {
                    "avg": 2,
                    "var": 0.5
                },
                "price": {
                    "avg": 1,
                    "var": 0.25
                }
            },
			{
                "name": "Red Bowl of Honey",
                "code": "bowl-red-honey",
                "type": "block",
                "stacksize": 4,
                "stock": {
                    "avg": 2,
                    "var": 0.5
                },
                "price": {
                    "avg": 1,
                    "var": 0.25
                }
            },
            {
                "name": "Beeswax",
                "code": "beeswax",
                "type": "item",
                "stacksize": 2,
                "stock": {
                    "avg": 4,
                    "var": 1
                },
                "price": {
                    "avg": 2,
                    "var": 0.5
                }
            },
            {
                "name": "Honeycomb",
                "code": "honeycomb",
                "type": "item",
                "stacksize": 1,
                "stock": {
                    "avg": 16,
                    "var": 4
                },
                "price": {
                    "avg": 1,
                    "var": 0.25
                }
            },
            {
                "name": "Spelt Bread",
                "code": "bread-spelt",
                "type": "item",
                "stacksize": 8,
                "stock": {
                    "avg": 4,
                    "var": 1
                },
                "price": {
                    "avg": 2,
                    "var": 0.5
                }
            },
            {
                "name": "Rye Bread",
                "code": "bread-rye",
                "type": "item",
                "stacksize": 8,
                "stock": {
                    "avg": 4,
                    "var": 1
                },
                "price": {
                    "avg": 2,
                    "var": 0.5
                }
            },
            {
                "name": "Flax Bread",
                "code": "bread-flax",
                "type": "item",
                "stacksize": 8,
                "stock": {
                    "avg": 4,
                    "var": 1
                },
                "price": {
                    "avg": 2,
                    "var": 0.5
                }
            },
            {
                "name": "Rice Bread",
                "code": "bread-rice",
                "type": "item",
                "stacksize": 8,
                "stock": {
                    "avg": 4,
                    "var": 1
                },
                "price": {
                    "avg": 2,
                    "var": 0.5
                }
            },
            {
                "name": "Cooked Meat",
                "code": "redmeat-cooked",
                "type": "item",
                "stacksize": 8,
                "stock": {
                    "avg": 4,
                    "var": 1
                },
                "price": {
                    "avg": 2,
                    "var": 0.5
                }
            },
            {
                "name": "Lump of Fat",
                "code": "fat",
                "type": "item",
                "stacksize": 3,
                "stock": {
                    "avg": 4,
                    "var": 1
                },
                "price": {
                    "avg": 2,
                    "var": 0.5
                }
            }
        ]
    },
    "buying": {
        "maxItems": 8,
        "list": [
            {
                "name": "Tin Bronze Hoe",
                "code": "hoe-tinbronze",
                "type": "item",
                "stacksize": 1,
                "stock": {
                    "avg": 2,
                    "var": 0.5
                },
                "price": {
                    "avg": 2,
                    "var": 0.5
                }
            },
            {
                "name": "Bismuth Bronze Hoe",
                "code": "hoe-bismuthbronze",
                "type": "item",
                "stacksize": 1,
                "stock": {
                    "avg": 2,
                    "var": 0.5
                },
                "price": {
                    "avg": 2,
                    "var": 0.5
                }
            },
            {
                "name": "Black Bronze Hoe",
                "code": "hoe-blackbronze",
                "type": "item",
                "stacksize": 1,
                "stock": {
                    "avg": 2,
                    "var": 0.5
                },
                "price": {
                    "avg": 3,
                    "var": 0.75
                }
            },
            {
                "name": "Tin Bronze Knife",
                "code": "knife-tinbronze",
                "type": "item",
                "stacksize": 1,
                "stock": {
                    "avg": 2,
                    "var": 0.5
                },
                "price": {
                    "avg": 1,
                    "var": 0.25
                }
            },
            {
                "name": "Bismuth Bronze Knife",
                "code": "knife-bismuthbronze",
                "type": "item",
                "stacksize": 1,
                "stock": {
                    "avg": 2,
                    "var": 0.5
                },
                "price": {
                    "avg": 1,
                    "var": 0.25
                }
            },
            {
                "name": "Black Bronze Knife",
                "code": "knife-blackbronze",
                "type": "item",
                "stacksize": 1,
                "stock": {
                    "avg": 2,
                    "var": 0.5
                },
                "price": {
                    "avg": 2,
                    "var": 0.5
                }
            },
            {
                "name": "Tin Bronze Scythe",
                "code": "scythe-tinbronze",
                "type": "item",
                "stacksize": 1,
                "stock": {
                    "avg": 2,
                    "var": 0.5
                },
                "price": {
                    "avg": 2,
                    "var": 0.5
                }
            },
            {
                "name": "Bismuth Bronze Scythe",
                "code": "scythe-bismuthbronze",
                "type": "item",
                "stacksize": 1,
                "stock": {
                    "avg": 2,
                    "var": 0.5
                },
                "price": {
                    "avg": 2,
                    "var": 0.5
                }
            },
            {
                "name": "Black Bronze Scythe",
                "code": "scythe-blackbronze",
                "type": "item",
                "stacksize": 1,
                "stock": {
                    "avg": 2,
                    "var": 0.5
                },
                "price": {
                    "avg": 3,
                    "var": 0.75
                }
            },
            {
                "name": "Linen Sack",
                "code": "linensack",
                "type": "item",
                "stacksize": 1,
                "stock": {
                    "avg": 2,
                    "var": 0.5
                },
                "price": {
                    "avg": 1,
                    "var": 0.25
                }
            },
            {
                "name": "Empty Skep",
                "code": "skep-empty-east",
                "type": "block",
                "stacksize": 5,
                "stock": {
                    "avg": 4,
                    "var": 1
                },
                "price": {
                    "avg": 1,
                    "var": 0.25
                }
            },
            {
                "name": "Shepherd Sandals",
                "code": "clothes-foot-shepherd-sandals",
                "type": "item",
                "stacksize": 1,
                "stock": {
                    "avg": 2,
                    "var": 0.5
                },
                "price": {
                    "avg": 1,
                    "var": 0.25
                }
            },
            {
                "name": "Shepherd's Cowl",
                "code": "clothes-head-shepherds-cowl",
                "type": "item",
                "stacksize": 1,
                "stock": {
                    "avg": 2,
                    "var": 0.5
                },
                "price": {
                    "avg": 4,
                    "var": 1
                }
            },
            {
                "name": "Shepherd Pants",
                "code": "clothes-lowerbody-shepherd-pants",
                "type": "item",
                "stacksize": 1,
                "stock": {
                    "avg": 2,
                    "var": 0.5
                },
                "price": {
                    "avg": 6,
                    "var": 1.5
                }
            },
            {
                "name": "Shepherd Tunic",
                "code": "clothes-upperbody-shepherd-tunic",
                "type": "item",
                "stacksize": 1,
                "stock": {
                    "avg": 2,
                    "var": 0.5
                },
                "price": {
                    "avg": 6,
                    "var": 1.5
                }
            },
            {
                "name": "Wool-lined Knee High Boots",
                "code": "clothes-foot-wool-lined-knee-high-boots",
                "type": "item",
                "stacksize": 1,
                "stock": {
                    "avg": 2,
                    "var": 0.5
                },
                "price": {
                    "avg": 6,
                    "var": 1.5
                }
            },
            {
                "name": "Woolen Leggings",
                "code": "clothes-lowerbody-woolen-leggings",
                "type": "item",
                "stacksize": 1,
                "stock": {
                    "avg": 2,
                    "var": 0.5
                },
                "price": {
                    "avg": 6,
                    "var": 1.5
                }
            },
            {
                "name": "Woolen Scarf",
                "code": "clothes-shoulder-woolen-scarf",
                "type": "item",
                "stacksize": 1,
                "stock": {
                    "avg": 2,
                    "var": 0.5
                },
                "price": {
                    "avg": 6,
                    "var": 1.5
                }
            },
            {
                "name": "Woolen Shirt",
                "code": "clothes-upperbody-woolen-shirt",
                "type": "item",
                "stacksize": 1,
                "stock": {
                    "avg": 2,
                    "var": 0.5
                },
                "price": {
                    "avg": 6,
                    "var": 1.5
                }
            },
            {
                "name": "Blue Bowl (Fired)",
                "code": "bowl-blue-burned",
                "type": "block",
                "stacksize": 6,
                "stock": {
                    "avg": 5,
                    "var": 1.25
                },
                "price": {
                    "avg": 1,
                    "var": 0.25
                }
            },
			 {
                "name": "Brown Bowl (Fired)",
                "code": "bowl-brown-burned",
                "type": "block",
                "stacksize": 6,
                "stock": {
                    "avg": 5,
                    "var": 1.25
                },
                "price": {
                    "avg": 1,
                    "var": 0.25
                }
            },
			 {
                "name": "fire Bowl (Fired)",
                "code": "bowl-fire-burned",
                "type": "block",
                "stacksize": 6,
                "stock": {
                    "avg": 5,
                    "var": 1.25
                },
                "price": {
                    "avg": 1,
                    "var": 0.25
                }
            },
			 {
                "name": "Red Bowl (Fired)",
                "code": "bowl-red-burned",
                "type": "block",
                "stacksize": 6,
                "stock": {
                    "avg": 5,
                    "var": 1.25
                },
                "price": {
                    "avg": 1,
                    "var": 0.25
                }
            },
            {
                "name": "Closed Barrel (Empty)",
                "code": "barrel-closed-empty",
                "type": "block",
                "stacksize": 1,
                "stock": {
                    "avg": 3,
                    "var": 0.75
                },
                "price": {
                    "avg": 2,
                    "var": 0.5
                }
            },
            {
                "name": "Open Barrel (Empty)",
                "code": "barrel-opened-empty",
                "type": "block",
                "stacksize": 1,
                "stock": {
                    "avg": 3,
                    "var": 0.75
                },
                "price": {
                    "avg": 2,
                    "var": 0.5
                }
            },
            {
                "name": "Wooden Crate (Closed)",
                "code": "woodencrate-closed",
                "type": "block",
                "stacksize": 1,
                "stock": {
                    "avg": 3,
                    "var": 0.75
                },
                "price": {
                    "avg": 2,
                    "var": 0.5
                }
            },
            {
                "name": "Wooden Crate (Open)",
                "code": "woodencrate-opened",
                "type": "block",
                "stacksize": 1,
                "stock": {
                    "avg": 3,
                    "var": 0.75
                },
                "price": {
                    "avg": 2,
                    "var": 0.5
                }
            },
            {
                "name": "Wolf Ashgrey (Pup)",
                "code": "creature-wolf-pup-ashgrey",
                "type": "item",
                "stacksize": 1,
                "stock": {
                    "avg": 1,
                    "var": 0.25
                },
                "price": {
                    "avg": 8,
                    "var": 2
                }
            },
			 {
                "name": "Wolf Black (Pup)",
                "code": "creature-wolf-pup-black",
                "type": "item",
                "stacksize": 1,
                "stock": {
                    "avg": 1,
                    "var": 0.25
                },
                "price": {
                    "avg": 8,
                    "var": 2
                }
            },
			 {
                "name": "Wolf Brown (Pup)",
                "code": "creature-wolf-pup-brown",
                "type": "item",
                "stacksize": 1,
                "stock": {
                    "avg": 1,
                    "var": 0.25
                },
                "price": {
                    "avg": 8,
                    "var": 2
                }
            },
			 {
                "name": "Wolf Darkgrey(Pup)",
                "code": "creature-wolf-pup-darkgrey",
                "type": "item",
                "stacksize": 1,
                "stock": {
                    "avg": 1,
                    "var": 0.25
                },
                "price": {
                    "avg": 8,
                    "var": 2
                }
            },
			 {
                "name": "Wolf Gold(Pup)",
                "code": "creature-wolf-pup-gold",
                "type": "item",
                "stacksize": 1,
                "stock": {
                    "avg": 1,
                    "var": 0.25
                },
                "price": {
                    "avg": 8,
                    "var": 2
                }
            },
			 {
                "name": "Wolf Grey(Pup)",
                "code": "creature-wolf-pup-grey",
                "type": "item",
                "stacksize": 1,
                "stock": {
                    "avg": 1,
                    "var": 0.25
                },
                "price": {
                    "avg": 8,
                    "var": 2
                }
            },
			 {
                "name": "Wolf Silver (Pup)",
                "code": "creature-wolf-pup-silver",
                "type": "item",
                "stacksize": 1,
                "stock": {
                    "avg": 1,
                    "var": 0.25
                },
                "price": {
                    "avg": 8,
                    "var": 2
                }
            },
			 {
                "name": "Wolf Smokegrey (Pup)",
                "code": "creature-wolf-pup-smokegrey",
                "type": "item",
                "stacksize": 1,
                "stock": {
                    "avg": 1,
                    "var": 0.25
                },
                "price": {
                    "avg": 8,
                    "var": 2
                }
            },
			 {
                "name": "Wolf White (Pup)",
                "code": "creature-wolf-pup-white",
                "type": "item",
                "stacksize": 1,
                "stock": {
                    "avg": 1,
                    "var": 0.25
                },
                "price": {
                    "avg": 8,
                    "var": 2
                }
            },
            {
                "name": "Pumpkin",
                "code": "pumpkin-fruit-4",
                "type": "block",
                "stacksize": 4,
                "stock": {
                    "avg": 5,
                    "var": 1.25
                },
                "price": {
                    "avg": 1,
                    "var": 0.25
                }
            },
            {
                "name": "Soybean",
                "code": "legume-soybean",
                "type": "item",
                "stacksize": 16,
                "stock": {
                    "avg": 5,
                    "var": 1.25
                },
                "price": {
                    "avg": 1,
                    "var": 0.25
                }
            }
        ]
    }
    
				
			}
		},
		behaviors: [
			{ code: "nametag", selectFromRandomName: ["Yern", "Gild", "Hans", "Hector", "McCrae", "Yoskolo", "Grit", "Bounder"] }, 
			{ code: "repulseagents" }, 
			{ code: "controlledphysics", stepHeight: 1.01 }, 
			{ code: "reviveondeath", minHours: 24, maxHours: 72 },
			{ code: "health", currenthealth: 25, maxhealth: 25 },
			{ 
				code: "emotionstates",
				states: [
					{ code: "aggressiveondamage", duration: 6, chance: 0.9, slot: 0, prority: 2, accumType: "noaccum" },
					{ code: "fleeondamage", duration: 10, chance: 1, slot: 0, prority: 1, accumType: "max" }
				],
			},
			{ 
				code: "taskai",
				aitasks: [
					{
						code: "meleeattack",
						entityCodes: ["player"],
						priority: 2,
						damage: 5,
						mincooldown: 2500, 
						maxcooldown: 3500, 
						attackDurationMs: 900,
						damagePlayerAtMs: 300,
						animation: "Attack",
						animationSpeed: 2,
						whenInEmotionState: "aggressiveondamage",
					},
					{
						code: "seekentity",
						entityCodes: ["player"],
						priority: 1.5,
						mincooldown: 1000, 
						maxcooldown: 1500, 
						seekingRange: 20,
						movespeed: 0.035,
						animation: "Run",
						animationSpeed: 3,
						whenInEmotionState: "aggressiveondamage"
					},
					{
						code: "fleeentity",
						entityCodes: ["player"],
						priority: 1.5,
						movespeed: 0.035,
						seekingRange: 12,
						animation: "Run",
						animationSpeed: 3,
						whenInEmotionState: "fleeondamage"
					},
					{
						code: "idle",
						priority: 1.2,
						minduration: 2500,
						maxduration: 2500,
						mincooldown: 2000,
						maxcooldown: 10000,
						animation: "laugh"
					},
					{
						code: "idle",
						priority: 1.2,
						minduration: 2500,
						maxduration: 2500,
						mincooldown: 5000,
						maxcooldown: 30000,
						animation: "idle2"
					},
					{
						code: "wander", 
						priority: 1.0, 
						movespeed: 0.01,
						animation: "Walk",
						wanderChance: 0.005,
						maxDistanceToSpawn: 4,
						wanderRangeMin: 1,
						wanderRangeMax: 3,
						teleportWhenOutOfRange: true,
						teleportInGameHours: 1
					}, 
					{ 
						code: "lookaround", 
						priority: 0.5
					}
				]
			}
		],
	},
	sounds: {
	}
}