{
	code: "javelin-head",
	behaviors: [
		{ name: "HorizontalOrientable" },		
	],
	variantgroups: [
		{
			code: "side",
			loadFromProperties: "abstract/horizontalorientation"
		}
	],
	shapeinventory: { base: "item/tool/primitive-javelin" },
	shapeByType: {
		"*-north": {
			base: "block/placedtool/javelin-placed",
			rotateY: 0
		},
		"*-east": {
			base: "block/placedtool/javelin-placed",
			rotateY: 270
		},
		"*-south": {
			base: "block/placedtool/javelin-placed",
			rotateY: 180
		},
		"*-west": {
			base: "block/placedtool/javelin-placed",
			rotateY: 90
		},
	},
	textures: {
		"bone": { base: "block/bone" },
		"shaft": { base: "block/transparent" },
		"cordage": { base: "block/transparent" },
	},

	creativeinventory: {
		"general": [ "*-north" ],
		"items": [ "*-north" ],
		"tools": [ "*-north" ]
	},
	collisionselectionbox: {
		x1: 0,
		y1: 0,
		z1: 0,
		x2: 1,
		y2: 0.1,
		z2: 1
	},
	blockmaterial: "Wood",
	replaceable: 900,
	resistance: 1.5,
	lightAbsorption: 0,
	sidesolid: {
		all: false
	},
	sideopaque: {
		all: false
	},
	sounds: {
		"place": "block/planks",
		"hit": "block/planks",
		"break": "block/planks",
		"walk": "walk/wood"
	},
	materialDensity: 600,
	fpHandTransform: {
		translation: {
			x: 0.3,
			y: 0.1,
			z: 0
		},
		rotation: {
			x: -23,
			y: 30,
			z: 79
		},
		scale: 2.5
	},
	guiTransform: {
		rotate: false,
		translation: {
			x: 4,
			y: -1,
			z: 0
		},
		rotation: {
			x: -44,
			y: -124,
			z: -180
		},
		origin: {
			x: 0.5,
			y: 0.5,
			z: 0.5
		},
		scale: 3
	},
	groundTransform: {
		translation: {
			x: 0,
			y: 0,
			z: 0
		},
		rotation: {
			x: 0,
			y: 0,
			z: 0
		},
		origin: {
			x: 0.5,
			y: 0.49,
			z: 0.5
		},
		scale: 3.31
	},
	tpHandTransform: {
		translation: {
			x: -0.9,
			y: -0.7,
			z: -0.6
		},
		rotation: {
			x: -37,
			y: -22,
			z: -22
		},
		scale: 0.82
	}
}