{
	code: "bunchotallowcandles",
	maxstacksize: 1,
	variantgroups: [
		{ code: "quantity", states: ["1", "2", "3", "4", "5", "6", "7", "8", "9"] }
	],
	behaviors: [ {name: "Unstable"} ],
	shapeByType: {
		"*-1": { 
			base: "block/lightsources/tallow/tallowbunch", quantityElements: 2,  
			alternates: [{ rotateY: 90 }, { rotateY: 180 }, { rotateY: 270 } ]
		},
		"*-2": { 
			base: "block/lightsources/tallow/tallowbunch", quantityElements: 4,
			alternates: [{ rotateY: 90 }, { rotateY: 180 }, { rotateY: 270 } ]
		},
		"*-3": { 
			base: "block/lightsources/tallow/tallowbunch", quantityElements: 6,
			alternates: [{ rotateY: 90 }, { rotateY: 180 }, { rotateY: 270 } ]
		},
		"*-4": { 
			base: "block/lightsources/tallow/tallowbunch", quantityElements: 8,  
			alternates: [{ rotateY: 90 }, { rotateY: 180 }, { rotateY: 270 } ]
		},
		"*-5": { 
			base: "block/lightsources/tallow/tallowbunch", quantityElements: 10,  
			alternates: [{ rotateY: 90 }, { rotateY: 180 }, { rotateY: 270 } ]
		},
		"*-6": { 
			base: "block/lightsources/tallow/tallowbunch", quantityElements: 12,  
			alternates: [{ rotateY: 90 }, { rotateY: 180 }, { rotateY: 270 } ]
		},
		"*-7": { 
			base: "block/lightsources/tallow/tallowbunch", quantityElements: 14,  
			alternates: [{ rotateY: 90 }, { rotateY: 180 }, { rotateY: 270 } ]
		},
		"*-8": { 
			base: "block/lightsources/tallow/tallowbunch", quantityElements: 16,  
			alternates: [{ rotateY: 90 }, { rotateY: 180 }, { rotateY: 270 } ]
		},
		"*-9": { 
			base: "block/lightsources/tallow/tallowbunch", quantityElements: 18,  
			alternates: [{ rotateY: 90 }, { rotateY: 180 }, { rotateY: 270 } ]
		}
	},
	creativeinventory: {  },
	blockmaterial: "Other",
	replaceable: 900,
	lightAbsorption: 0,
	resistance: 1.25,
	sideopaque: { all: false },
	sidesolid: { all: false },
	lightHsvByType: {
		"*-1": [7, 7, 7],
		"*-2": [7, 7, 8],
		"*-3": [7, 7, 9],
		"*-4": [7, 7, 10],
		"*-5": [7, 7, 11],
		"*-6": [7, 7, 12],
		"*-7": [7, 7, 13],
		"*-8": [7, 7, 14],
		"*-9": [7, 7, 15]
	},
	sounds: {
		place: "block/planks",
		break: "block/planks",
	},
	dropsByType: {
		"*-1": [  { type: "item", code: "candle-tallow", quantity: { avg: 1 } } ],
		"*-2": [  { type: "item", code: "candle-tallow", quantity: { avg: 2 } } ],
		"*-3": [  { type: "item", code: "candle-tallow", quantity: { avg: 3 } } ],
		"*-4": [  { type: "item", code: "candle-tallow", quantity: { avg: 4 } } ],
		"*-5": [  { type: "item", code: "candle-tallow", quantity: { avg: 5 } } ],
		"*-6": [  { type: "item", code: "candle-tallow", quantity: { avg: 6 } } ],
		"*-7": [  { type: "item", code: "candle-tallow", quantity: { avg: 7 } } ],
		"*-8": [  { type: "item", code: "candle-tallow", quantity: { avg: 8 } } ],
		"*-9": [  { type: "item", code: "candle-tallow", quantity: { avg: 9 } } ],
	},
	materialDensity: 300,
	combustibleProps: {
		burnTemperature: 500,
		burnDuration: 8,
	},
	collisionSelectionBox: { x1: 0, y1: 0, z1: 0, x2: 1, y2: 0.5, z2: 1 },
}