{
	code: "glasslantern",
	variantgroups: [		
		{ code:"metal", states: ["copper", "brass", "blackbronze", "bismuth", "tinbronze", "bismuthbronze", "molybdochalkos", "silver", "gold"] },
		{ code:"layer", states: ["plain", "gold", "silver" ] },		
	],
	attributes: {		
		handbook:{ 
				groupBy: ["glasslantern-*"],
				extraSections: [
					{ title: "handbook-item-sources", text:"To make Glasslantern place a metal sheet on the ground and right click with a  Lantern, then right click with a Glass Block, to finish the block, right click with 5 <a href=\"handbook://block-glasslanternframe-copper-down\">Glasslantern Frames</a>" }
					]

		},
	},
	creativeinventory: { "general": ["*"], "decorative": ["*"], "neolithicdeco": ["*"] },
	blockmaterial: "Metal",
	lightAbsorption: 0,
	lightHsv: [8, 2, 31],
	glowLevel: 32,
	sidesolid: {
		all: false
	},
	sideopaque: {
		all: false
	},
	drawtype: "json",
	shape: { base: "block/lightsources/glass-lantern" },
	texturesByType: {
		"glasslantern-*-plain": {
			"base": { base: "block/metal/lantern/{metal}" },
			"material": { base: "block/metal/lantern/{metal}" },
			"candle":  { base: "block/candle" },
			"lining":  { base: "block/metal/lantern/{metal}" },
			"quartz":  { base: "block/glass/quartz" },
			"material-deco": { base: "block/metal/lantern/{metal}-deco" },
			"Glasscase": { base: "block/glasscase/{metal}" },
		},
		"glasslantern-*-gold": {
			"base": { base: "block/metal/lantern/{metal}" },
			"material": { base: "block/metal/lantern/{metal}" },
			"candle":  { base: "block/candle" },
			"lining":  { base: "block/metal/lantern/gold" },
			"quartz":  { base: "block/glass/quartz" },
			"material-deco": { base: "block/metal/lantern/{metal}-deco" },
			"Glasscase": { base: "block/glasscase/{metal}" },
		},
		"glasslantern-*-silver": {
			"base": { base: "block/metal/lantern/{metal}" },
			"material": { base: "block/metal/lantern/{metal}" },
			"candle":  { base: "block/candle" },
			"lining":  { base: "block/metal/lantern/silver" },
			"quartz":  { base: "block/glass/quartz" },
			"material-deco": { base: "block/metal/lantern/{metal}-deco" },
			"Glasscase": { base: "block/glasscase/{metal}" },
		},
	},
	replaceable: 1000,
	resistance: 1,
	sounds: {
		"place": "player/buildhigh",
		"break": "block/glass"
	}
}