{
	code: "pestle",
	variantgroups: [
		{ loadFromProperties: "block/wood" }
	],
	creativeinventory: { "general": ["*"], "neolithicblocks": ["*"] },
	shape: { base: "neolithicmod:block/wood/mortarandpestle/top" },
	blockmaterial: "Wood",
	drawtype: "json",
	textures: {
		"debarked": { base: "block/wood/debarked/{wood}" },
	},
	resistance: 3.5,
	sideopaque: {
		all: false
	},
	lightAbsorption: 0,
	sidesolid: {
		all: true,
		up: true
	},
	collisionselectionbox:{ x1: 0.35, y1: 0, z1: 0.35, x2: 0.65, y2: 1, z2: 0.65 },
	sounds: {
		"hit": "block/planks",
		"break": "block/planks",
		"place": "block/planks",
		"walk": "walk/wood"
	},
	combustibleProps: {
		burnTemperature: 800,
		burnDuration: 20,
	},
	maxStackSize: 32,
	materialDensity: 600
}