{
	code: "pumpkin",
	class: "Block",
	variantgroups: [
		{ code: "variant", states: ["fruit"] },
		{ code: "stage", states: ["1", "2", "3", "4"] },
	],
	creativeinventory: { "general": ["pumpkin-fruit-4"], "flora": ["pumpkin-fruit-4"] },
	shape: { base: "block/plant/pumpkin/fruit/pumpkin-stage{stage}" },
	blockmaterial: "Plant",
	attributes: {
		nutritionPropsWhenInMeal: { satiety: 720, foodCategory: "vegetable" }
	},
	dropsByType: {
    "pumpkin-fruit-4": [ 		
		{ type: "item", code: "vegetable-pumpkin", quantity: { avg: 4 }, tool:"knife", },
		{ type: "item", code: "seeds-pumpkin", quantity: { avg: 2 }, tool:"knife", lastDrop: true, },
		{ type: "block", code: "pumpkin-fruit-4", quantity: { avg: 1 } },
		],    
    
	},
	sideopaque: {
		all: false
	},
	sidesolid: {
		all: false
	},
	replaceable: 5000,
	lightAbsorption: 0,
	resistance: 1,
	collisionboxByType: {
		"pumpkin-fruit-1": { x1: 0.40625, y1: 0, z1: 0.40625,   x2: 0.59375, y2: 0.1875, z2: 0.59375 },
		"pumpkin-fruit-2": { x1: 0.3125, y1: 0, z1: 0.3125,   x2: 0.6875, y2: 0.375, z2: 0.6875 },
		"pumpkin-fruit-3": { x1: 0.21875, y1: 0, z1: 0.21875,   x2: 0.78125, y2: 0.5625, z2: 0.78125 },
		"pumpkin-fruit-4": { x1: 0.125, y1: 0, z1: 0.125,   x2: 0.875, y2: 0.75, z2: 0.875 }
	},
	selectionboxByType: {
		"pumpkin-fruit-1": { x1: 0.40625, y1: 0, z1: 0.40625,   x2: 0.59375, y2: 0.1875, z2: 0.59375 },
		"pumpkin-fruit-2": { x1: 0.3125, y1: 0, z1: 0.3125,   x2: 0.6875, y2: 0.375, z2: 0.6875 },
		"pumpkin-fruit-3": { x1: 0.21875, y1: 0, z1: 0.21875,   x2: 0.78125, y2: 0.5625, z2: 0.78125 },
		"pumpkin-fruit-4": { x1: 0.125, y1: 0, z1: 0.125,   x2: 0.875, y2: 0.75, z2: 0.875 }
	},
	guitransform: {
		rotation: { x: 0, y: 0, z: 0 }
	},
	sounds: {
		place: "block/torch",
		break: "block/torch",
		hit: "block/torch"
	},
	materialDensity: 200,
	nutritionPropsByType: {
		"pumpkin-fruit-4": {
			foodCategory: "vegetable",
			saturation: 480,
			health: 0
		}
	},
	transitionableProps: [{
		type: "Perish",
		freshHours: { avg: 432 },
		transitionHours: { avg: 144 },
		transitionedStack: { type: "item", code: "rot" },
		transitionRatio: 2
	}],
	guiTransform: {
		translation: { x: 0, y: -1, z: 0 },
		rotation: { x: -27, y: -39, z: 0 },
		scale: 1.11
	}
}
