[
 {
    "Mode": "Swap",
    "Takes": {
		"Code": "totems:totem-pig-bowl-maple-unlit-north",
        "Type": "Block",        
		"Remove": true	
    },
    "Tool": {
        "Code": "totems:offering-bowl-vegetable",
        "Type": "Item",
		"StackSize": 4
    },
    "Makes": [{
        "Code": "totems:totem-pig-eyes-maple-lit-north",
        "Type": "Block",
        "StackSize": 1
    }],
    "IsTool": false,
    "CraftSound": "sounds/block/planks",
    "Disabled": false
 },
 {
    "Mode": "Swap",
    "Takes": {
		"Code": "totems:totem-pig-bowl-maple-unlit-south",
        "Type": "Block",        
		"Remove": true	
    },
    "Tool": {
        "Code": "totems:offering-bowl-vegetable",
        "Type": "Item",
		"StackSize": 4
    },
    "Makes": [{
        "Code": "totems:totem-pig-eyes-maple-lit-south",
        "Type": "Block",
        "StackSize": 1
    }],
    "IsTool": false,
    "CraftSound": "sounds/block/planks",
    "Disabled": false
 },
 {
    "Mode": "Swap",
    "Takes": {
		"Code": "totems:totem-pig-bowl-maple-unlit-east",
        "Type": "Block",        
		"Remove": true	
    },
    "Tool": {
        "Code": "totems:offering-bowl-vegetable",
        "Type": "Item",
		"StackSize": 4
    },
    "Makes": [{
        "Code": "totems:totem-pig-eyes-maple-lit-east",
        "Type": "Block",
        "StackSize": 1
    }],
    "IsTool": false,
    "CraftSound": "sounds/block/planks",
    "Disabled": false
 },
 {
    "Mode": "Swap",
    "Takes": {
		"Code": "totems:totem-pig-bowl-maple-unlit-west",
        "Type": "Block",        
		"Remove": true	
    },
    "Tool": {
        "Code": "totems:offering-bowl-vegetable",
        "Type": "Item",
		"StackSize": 4
    },
    "Makes": [{
        "Code": "totems:totem-pig-eyes-maple-lit-west",
        "Type": "Block",
        "StackSize": 1
    }],
    "IsTool": false,
    "CraftSound": "sounds/block/planks",
    "Disabled": false
 },
]