{
    "code": "dryingtray",
    "class": "BlockDryingStation",
    "entityClass": "DryingStation",
    "attributes": {
        handbook:{ 
				groupBy: ["dryingtray-*"],
				extraSections: [
					{ title: "handbook-item-sources", text: "Place a plank panel down on the ground, right click with 4 half plank panels of the same wood, then right click with 4 Very-thin branches to complete the Drying Tray."}
					]

		},
		"dryingprops": [ 
            {
                "input": { "type": "item", "code": "seawaterportion", "stacksize": 1 },
                "output": { "type": "item", "code": "salt", "stacksize": 1 },
                "dryingtime": 12,
                "texturesource": { "type": "block", "code": "seawater-still-7" }
            },
            {
                "input": { "type": "item", "code": "salt", "stacksize": 1 },
                "output": null,
                "dryingtime": null,
                "texturesource": { "type": "block", "code": "gravel-chalk" }
            }
        ]
    },
    "shapeByType": {
         "*":  {"base": "block/wood/dryingtray"}
    },
    "variantgroups": [ { "code": "wood", "states": [ "aged" ], "loadFromProperties": "block/wood" } ],
    "textures": {
        "material": { "base": "block/wood/planks/{wood}*" },
		"border": { "base": "block/wood/planks/{wood}*" },
    },
    "creativeinventory": { "general": ["*"], "neolithicblocks": ["*"] },
    "sideopaque": { "all": false },
    "sidesolid": { "all": false },
    "lightAbsorption": 1,
    "collisionSelectionBox": { "x1": 0, "y1": 0, "z1": 0, "x2": 1, "y2": 0.4, "z2": 1 }
}