{
	code: "log",
	"__comment": "BlockLog contains only contains code for OnPickBlock",
	class: "BlockLog",
	behaviorsByType: {
		"*-grown-*": [{name: "PushEventOnBlockBroken",	properties: {eventName: "testForDecay"}}],
		"*": [{name: "Pillar"},			
		]
	},
	attributes: {
		handbook: {
			groupBy: ["log-*-{wood}-*"]
		},
	},
	variantgroups: [
		{ code: "type", states: ["grown", "placed"] },
		{ code: "wood", states: ["aged"], loadFromProperties: "block/wood" },
		{ code: "rotation", states: ["ud", "ns", "we"] },
	],
	creativeinventory: { "general": ["log-placed-*-ud"], "flora": ["log-placed-*-ud"], "construction": ["log-placed-*-ud"] },
	shape: { base: "block/basic/cube" },
	drawtype: "cube",
	blockmaterial: "Wood",
	requiredMiningTier: 1,
	attributesByType: {
		"log-grown-*": {
			preventsDecay: true
		}
	},
	texturesByType: {
		"*-ud": {
			"all": { base: "block/wood/bark/{wood}" },
			"inside-north": { base: "block/wood/debarked/{wood}" },
			"inside-east": { base: "block/wood/debarked/{wood}" },
			"inside-south": { base: "block/wood/debarked/{wood}" },
			"inside-west": { base: "block/wood/debarked/{wood}" },

			"up": { base: "block/wood/treetrunk/{wood}" },
			"down": { base: "block/wood/treetrunk/{wood}" }
		},
		"*-ns": {
			"all": { base: "block/wood/bark/{wood}-h" },
			"up": { base: "block/wood/bark/{wood}" },
			"down": { base: "block/wood/bark/{wood}" },


			"inside-up": { base: "block/wood/debarked/{wood}" },
			"inside-down": { base: "block/wood/debarked/{wood}" },
			"inside-west": { base: "block/wood/debarked/{wood}" },
			"inside-east": { base: "block/wood/debarked/{wood}" },


			"north": { base: "block/wood/treetrunk/{wood}" },
			"south": { base: "block/wood/treetrunk/{wood}" }
		},
		"*-we": {
			"all": { base: "block/wood/bark/{wood}-h" },
			"up": { base: "block/wood/bark/{wood}-h" },

			"inside-up": { base: "block/wood/debarked/{wood}" },
			"inside-down": { base: "block/wood/debarked/{wood}" },
			"inside-north": { base: "block/wood/debarked/{wood}" },
			"inside-south": { base: "block/wood/debarked/{wood}" },


			"west": { base: "block/wood/treetrunk/{wood}" },
			"east": { base: "block/wood/treetrunk/{wood}" }
		},
	},
	replaceable: 500,
	resistance: 4.5,
	sounds: {
		"place": "block/planks",
		"walk": "walk/wood",
		"hit": "block/planks",
		"break": "block/planks",
		byTool: {
			"Axe": { hit: "block/chop", break: "block/planks" }
		}
	},
	drops: [
		{ type: "block", code: "log-placed-{wood}-ud", quantity: { avg: 1 }, tool:"axe"  },
		{ type: "block", code: "neolithicmod:panel-{wood}-bark-down", quantity: { avg: 4 }, tool:"saw"  },
		{ type: "block", code: "neolithicmod:panel-{wood}-debarked-down", quantity: { avg: 4 }, tool:"saw"  },
		
	],
	combustiblePropsByType: {
		"log-*-birch-*": {
			burnTemperature: 800,
			burnDuration: 78,
		},
		"log-*-oak-*": {
			burnTemperature: 800,
			burnDuration: 98,
		},
		"log-*-pine-*": {
			burnTemperature: 800,
			burnDuration: 60,
		},
		"log-*-acacia-*": {
			burnTemperature: 800,
			burnDuration: 89,
		},
		"log-*-kapok-*": {
			burnTemperature: 800,
			burnDuration: 47,
		},
		"log-*-maple-*": {
			burnTemperature: 800,
			burnDuration: 79,
		},
		"log-*-aged-*": {
			burnTemperature: 700,
			burnDuration: 40,
		},
	},
	maxStackSize: 16,
	materialDensity: 700,
	heldTpIdleAnimation: "holdbothhandslarge", heldTpUseAnimation: "twohandplaceblock",
	tpHandTransform: {
		translation: { x: -1.2, y: -1.1, z: -0.8 },
		rotation: { x: -2, y: 25, z: -78 },
		scale: 0.37
	}
}
