{
	code: "hoe",
	class: "ItemHoe",
	attributes: {
		handbook: {
			groupBy: ["hoe-*"]
		}
	},
	variantgroups: [
		{ code: "metal", states: ["copper", "tinbronze", "bismuthbronze", "blackbronze", "gold", "silver", "iron" ] },
	],
	damagedby: ["blockbreaking", "attacking"],
	shape: { base: "item/tool/hoe" },
  heldTpHitAnimation: "breaktool",
  heldTpUseAnimation: "hoe",
	textures: {
		"material": { base: "item/tool/material/{metal}" },
		"wood": { base: "item/tool/material/wood" } 
	},
	tool: "hoe",
	miningspeedbytype: {
		"hoe-stone": {
			"soil": 2.2
		},
		"hoe-copper": {
			"soil": 2.6
		},
		"hoe-bismuthbronze": {
			"soil": 3.2
		},
		"hoe-tinbronze": {
			"soil": 3.6
		},
		"hoe-gold": {
			"soil": 3.6
		},
		"hoe-silver": {
			"soil": 3.6
		},
		"hoe-blackbronze": {
			"soil": 3.6
		},
		"hoe-iron": {
			"soil": 4
		},
		"hoe-steel": {
			"soil": 4.4
		},
	},
	durabilitybytype: {
		"hoe-stone": 15,
		"hoe-gold": 90,
		"hoe-silver": 90,
		"hoe-copper": 600,
		"hoe-blackbronze": 1460,
		"hoe-bismuthbronze": 1200,
		"hoe-tinbronze": 1300,
		"hoe-iron": 2200,
		"hoe-steel": 3300,
	},
	attackpowerbytype: {
		"hoe-stone": 1,
		"hoe-copper": 1.25,
		"hoe-gold": 1.5,
		"hoe-silver": 1.5,
		"hoe-bismuthbronze": 1.5,
		"hoe-tinbronze": 1.75,
		"hoe-blackbronze": 2,
		"hoe-iron": 2.25,
		"hoe-steel": 2.5,
	},
	creativeinventory: { "general": ["*"], "items": ["*"], "tools": ["*"] },
	fpHandTransform: {
		translation: { x: 0.046875, y: 0, z: 0 },
		rotation: { x: 15, y: 15, z: 90 },
		scale: 2.5
	},
	guiTransform: {
		rotate: false,
		translation: { x: 0, y: 2, z: 0 },
		rotation: { x: -133, y: -157, z: 132 },
		scale: 2.02,
		origin: { x: 0.5, y: 0.5, z: 0.5 }
	},
	groundTransform: {
		translation: { x: 0, y: 0, z: 0 },
		rotation: { x: 0, y: 0, z: 0 },
		origin: { x: 0.5, y: 0.45, z: 0.5 },
		scale: 3.6
	},
	tpHandTransform: {
		translation: { x: -0.76, y: -0.5, z: -0.53 },
		rotation: { x: 90, y: 0, z: -10 },
		scale: 1
	}
}