{
	code: "knife",
	damagedby: ["blockbreaking", "attacking"],
	tool: "knife",
	attributes: {
		handbook: {
			groupBy: ["knife-*"]
		}
	},
	variantgroups: [
		{ code: "metal", states: ["copper", "tinbronze", "bismuthbronze", "blackbronze", "gold", "silver", "iron" ] },
	],
	shape: { base: "game:item/tool/knife" },
	heldTpHitAnimation: "breaktool",
	textures: {
		"metal": { base: "game:item/tool/material/{metal}" },
		"wood": { base: "game:item/tool/material/wood" }
	},
	durabilitybytype: {
		"knife-gold": 125,
		"knife-silver": 125,
		"knife-copper": 600,
		"knife-blackbronze": 1460,
		"knife-bismuthbronze": 1200,
		"knife-tinbronze": 1300,
		"knife-iron": 2200,
		"knife-steel": 3300,
	},
	attackpowerbytype: {
		"knife-copper": 1.5,
		"knife-bismuthbronze": 2,
		"knife-tinbronze": 2.5,
		"knife-gold": 2.5,
		"knife-silver": 2.5,
		"knife-blackbronze": 3,
		"knife-iron": 3.5,
		"knife-steel": 4,
	},
	creativeinventory: { "general": ["*"], "neolithicitems": ["*"] },
	fpHandTransform: {
		translation: { x: -0.1, y: 0.2, z: 0.4 },
		rotation: { x: -20, y: -93, z: -75 },
		scale: 2.5
	},
	guiTransform: {
		translation: { x: 0, y: -1, z: 0 },
		rotation: { x: -157, y: 180, z: -46 },
		origin: { x: 0.59, y: 0.535, z: 0.5 },
		scale: 2.7
	},
	groundTransform: {
		translation: { x: 0.046875, y: 0, z: 0 },
		rotation: { x: 0, y: 0, z: 0 },
		scale: 2.5
	},
	tpHandTransform: {
		translation: { x: -0.78, y: -0.44, z: -0.5 },
		rotation: { x: 0, y: 180, z: -10 },
		scale: 1
	}
}