{
	code: "pickaxe",
	attributes: {
		handbook: {
			groupBy: ["pickaxe-*"]
		}
	},
	variantgroups: [
		{ code: "metal", states: ["copper", "tinbronze", "bismuthbronze", "blackbronze", "gold", "silver", "iron" ] },
	],
	tool: "pickaxe",
	damagedby: ["blockbreaking", "attacking"],
	shape: { base: "item/tool/pickaxe" },
	heldTpHitAnimation: "breaktool",
	textures: {
		"metal": { base: "block/metal/ingot/{metal}" },
		"wood": { base: "item/tool/material/wood" } 
	},
	miningtierbytype: {
		"*-copper": 2,
		"*-gold": 2,
		"*-silver": 2,
		"*-bismuthbronze": 3,
		"*-tinbronze": 3,
		"*-blackbronze": 3,
		"*-iron": 4,
		"*-steel": 5,
	},
	miningspeedbytype: {
		"pickaxe-copper": {
			"stone": 4,
			"ore": 4,
			"metal": 4
		},
		"pickaxe-bismuthbronze": {
			"stone": 5.5,
			"ore": 5.5,
			"metal": 5.5
		},
		"pickaxe-tinbronze": {
			"stone": 6,
			"ore": 6,
			"metal": 6
		},
		"pickaxe-gold": {
			"stone": 5,
			"ore": 5,
			"metal": 5
		},
		"pickaxe-silver": {
			"stone": 5,
			"ore": 5,
			"metal": 5
		},
		"pickaxe-blackbronze": {
			"stone": 6.5,
			"ore": 6.5,
			"metal": 6.5
		},
		"pickaxe-iron": {
			"stone": 7.5,
			"ore": 7.5,
			"metal": 7.5
		},
		"pickaxe-steel": {
			"stone": 8.5,
			"ore": 8.5,
			"metal": 8.5
		},
	},
	attackpowerbytype: {
		"pickaxe-stone": 1,
		"pickaxe-copper": 1.25,
		"pickaxe-bismuthbronze": 1.5,
		"pickaxe-tinbronze": 1.75,
		"pickaxe-gold": 1.75,
		"pickaxe-silver": 1.75,
		"pickaxe-blackbronze": 2,
		"pickaxe-iron": 2.25,
		"pickaxe-steel": 2.5,
	},
	durabilitybytype: {
		"pickaxe-gold": 150,
		"pickaxe-silver": 175,
		"pickaxe-copper": 600,
		"pickaxe-blackbronze": 1460,
		"pickaxe-bismuthbronze": 1200,
		"pickaxe-tinbronze": 1300,
		"pickaxe-iron": 2200,
		"pickaxe-steel": 3300,
	},
	creativeinventory: { "general": ["*"], "items": ["*"], "tools": ["*"] },
	fpHandTransform: {
		translation: { x: 0.046875, y: 0, z: 0 },
		rotation: { x: 15, y: 15, z: 90 },
		scale: 2.5
	},
	guiTransform: {
		rotate: false,
		translation: { x: 1, y: 0, z: 0 },
		rotation: { x: 105, y: -50, z: -6 },
		origin: { x: 0.5, y: 0.5, z: 0.5 },
		scale: 2.4
	},
	groundTransform: {
		translation: { x: 0, y: 0, z: 0 },
		rotation: { x: 0, y: 0, z: 0 },
		origin: { x: 0.5, y: 0.45, z: 0.5 },
		scale: 3.6
	},
	tpHandTransform: {
		translation: { x: -0.77, y: -0.5, z: -0.55 },
		rotation: { x: 90, y: 0, z: -10 },
		scale: 1
	}
}