{
	code: "saw",
	tool: "saw",
	attributes: {
		handbook: {
			groupBy: ["saw-*"]
		}
	},
	variantgroups: [
		{ code: "metal", states: ["copper", "tinbronze", "bismuthbronze", "blackbronze", "gold", "silver", "iron" ] },
	],
	damagedby: ["blockbreaking", "attacking"],
	shape: { base: "item/tool/saw" },
	heldTpHitAnimation: "breaktool",
	textures: {
		"metal": { base: "block/metal/ingot/{metal}" },
		"wood": { base: "item/tool/material/wood" },
		"linen": { base: "item/tool/material/linen" }

	},
	miningtierbytype: {
		"*-stone": 1,
		"*-copper": 2,
		"*-gold": 2,
		"*-silver": 2,
		"*-bismuthbronze": 3,
		"*-tinbronze": 3,
		"*-blackbronze": 3,
		"*-iron": 4,
		"*-steel": 5,
	},
	miningspeedbytype: {
		"*-stone": {
			"wood": 3,
			"leaves": 1.6
		},
		"*-copper": {
			"wood": 4,
			"leaves": 2.4
		},
		"*-bismuthbronze": {
			"wood": 4.4,
			"leaves": 2.6
		},
		"*-tinbronze": {
			"wood": 4.6,
			"leaves": 3
		},
		"*-silver": {
			"wood": 4.6,
			"leaves": 3
		},
		"*-gold": {
			"wood": 4.6,
			"leaves": 3
		},
		"*-blackbronze": {
			"wood": 4.7,
			"leaves": 3.1
		},
		"*-iron": {
			"wood": 5,
			"leaves": 3.2
		},
		"*-steel": {
			"wood": 6,
			"leaves": 4
		},
	},
	durabilitybytype: {
		"saw-gold": 70,
		"saw-silver": 90,
		"saw-copper": 600,
		"saw-blackbronze": 1460,
		"saw-bismuthbronze": 1200,
		"saw-tinbronze": 1300,
		"saw-iron": 2200,
		"saw-steel": 3300,
	},
	creativeinventory: { "general": ["*"], "items": ["*"], "tools": ["*"] },
	fpHandTransform: {
		translation: { x: 0.0468, y: 0, z: 0 },
		rotation: { x: -161, y: 20, z: 90 },
		scale: 2.5
	},
	guiTransform: {
		rotate: false,
		translation: { x: 0, y: 0, z: 0 },
		rotation: { x: -77, y: 47, z: -151 },
		origin: { x: 0.5, y: 0.5, z: 0.38 },
		scale: 1.9
	},
	groundTransform: {
		translation: { x: 0, y: 0, z: 0 },
		rotation: { x: 0, y: 0, z: 0 },
		origin: { x: 0.5, y: 0.45, z: 0.5 },
		scale: 3.6
	},
	tpHandTransform: {
		translation: { x: -0.65, y: -0.62, z: -0.45 },
		rotation: { x: 90, y: -174, z: 0 },
		scale: 1
	}
}