{
	code: "scythe",
	damagedby: ["blockbreaking"],
	class: "ItemScythe",
	tool: "knife",
	variantgroups: [
		{ code: "metal", states: ["copper", "tinbronze", "bismuthbronze", "blackbronze", "gold", "silver","iron" ] },
	],
	attributes: {
		codePrefixes: ["crop", "tallgrass", "frostedtallgrass"],
		handbook: {
			groupBy: ["scythe-*"]
		}
	},
	shape: { base: "item/tool/scythe" },
	heldTpHitAnimation: "scythe",
	textures: {
		"metal": { base: "block/metal/ingot/{metal}" },
		"wood": { base: "item/tool/material/wood" } 
	},
	durabilitybytype: {
		"scythe-gold": 150,
		"scythe-silver": 187,
		"scythe-copper": 600,
		"scythe-blackbronze": 1460,
		"scythe-bismuthbronze": 1200,
		"scythe-tinbronze": 1300,
		"scythe-iron": 2200,
		"scythe-steel": 3300,
	},
	creativeinventory: { "general": ["*"], "items": ["*"], "tools": ["*"] },
	fpHandTransform: {
		translation: { x: 0.046875, y: 0, z: 0 },
		rotation: { x: 15, y: 15, z: 90 },
		scale: 2.5
	},
	guiTransform: {
		rotate: false,
		translation: { x: 0, y: 0, z: 0 },
		rotation: { x: 90, y: -51, z: 20 },
		origin: { x: 0.5, y: 0.8, z: 0.4 },
		scale: 1.45
	},
	groundTransform: {
		translation: { x: 0, y: 0, z: 0 },
		rotation: { x: 0, y: 0, z: 0 },
		origin: { x: 0.5, y: 0.45, z: 0.5 },
		scale: 3.6
	},
	tpHandTransform: {
		translation: { x: -0.8, y: -0.54, z: -0.5 },
		rotation: { x: 0, y: 0, z: -10 },
		scale: 1
	}
}