{
	code: "shears",
	class: "ItemShears",
	damagedby: ["blockbreaking", "attacking"],
	tool: "shears",
	attributes: {
		handbook: {
			groupBy: ["shears-*"]
		}
	},
	variantgroups: [
		{ code: "metal", states: ["copper", "tinbronze", "bismuthbronze", "blackbronze", "gold", "silver", "iron" ] },
	],
	shape: { base: "item/tool/shears" },
	heldTpHitAnimation: "shears",
	textures: {
		"metal": { base: "block/metal/ingot/{metal}" }
	},
	attackpowerbytype: {
		"shears-copper": 1,
		"shears-gold": 1,
		"shears-silver": 1,
		"shears-bismuthbronze": 1,
		"shears-tinbronze": 1.5,
		"shears-blackbronze": 2.5,
		"shears-iron": 3,
		"shears-steel": 3.5,
	},
	durabilitybytype: {
		"shears-gold": 120,
		"shears-silver": 120,
		"shears-copper": 600,
		"shears-blackbronze": 1460,
		"shears-bismuthbronze": 1200,
		"shears-tinbronze": 1300,
		"shears-iron": 2200,
		"shears-steel": 3300,
	},
	creativeinventory: { "general": ["*"], "items": ["*"], "tools": ["*"] },
	fpHandTransform: {
		translation: { x: -0.1, y: -0.08, z: 0.1 },
		rotation: { x: -100, y: -14, z: 90 },
		scale: 2.45
	},
	guiTransform: {
		rotate: false,
		translation: { x: 4, y: 2, z: 0 },
		rotation: { x: -51, y: 142, z: -180 },
		origin: { x: 0.5, y: 0.45, z: 0.5 },
		scale: 2.5
	},
	groundTransform: {
		translation: { x: 0, y: 0, z: 0 },
		rotation: { x: 0, y: 0, z: 0 },
		origin: { x: 0.5, y: 0.45, z: 0.5 },
		scale: 3.6
	},
	tpHandTransform: {
		translation: { x: -0.7, y: -0.5, z: -0.5 },
		rotation: { x: 0, y: 90, z: -10 },
		scale: 1
	}
}