{
	code: "sword-flakeswood",
	behaviors: [ 
		{name: "HorizontalOrientable" },		
	],
	variantgroups: [
		{ code: "stone", states: ["flint", "obsidian" ] },
		{ code: "shaft", states: ["acacia", "birch", "kapok", "maple", "oak", "pine"] },
		{ code: "side", loadFromProperties: "abstract/horizontalorientation" },
	],
	maxstacksize: 64,
	textures: {
		"stone": { base: "item/tool/material/{stone}" },
		"shaft": { base: "block/wood/debarked/{shaft}" },
		"cordage": { base: "block/transparent" },
	},
	shapeinventory: { base: "item/tool/flake"},
	shapeByType: { 
		"*-north": { base: "block/placedtool/primitive-sword-placed", rotateY: 0 },
		"*-east": { base: "block/placedtool/primitive-sword-placed", rotateY: 270 },
		"*-south": { base: "block/placedtool/primitive-sword-placed", rotateY: 180 },
		"*-west": { base: "block/placedtool/primitive-sword-placed", rotateY: 90 },
		},
	creativeinventory: { "general": [""], "items": [""] },
	collisionselectionbox:{ x1: 0, y1: 0, z1: 0, x2: 1, y2: 0.1, z2: 1 },	
	blockmaterial: "Wood",
	replaceable: 900,
	resistance: 0.5,
	lightAbsorption: 0,
	sidesolid: {
		all: false
	},
	sideopaque: {
		all: false
	},
	sounds: {
		"place": "block/planks",
		"hit": "block/planks",
		"break": "block/planks",
		"walk": "walk/wood"
	},
	materialDensity: 600,
}