{
	code: "crop",
	class: "BlockCrop",
	behaviors: [{name: "Unstable"}],
	variantgroups: [
		{ code: "type", states: ["sisal"] },
		{ code: "stage", states: ["1", "2", "3", "4", "5", "6",] },
	],
	creativeinventory: { "general": [""], "plants": [""], "neolithicflora": [""] },
	renderpass: "OpaqueNoCull",
	shape: { base: "block/plant/{type}/sisal{stage}" },
	blockmaterial: "Plant",
	
	attributes: {
		tickGrowthProbability: 0.05
	},
	sideopaque: {
		all: false
	},
	sidesolid: {
		all: false
	},
	replaceable: 3000,
	lightAbsorption: 0,
	resistance: 0.5,
	sounds: {
		place: "block/plant",
		break: "block/plant",
	},
	rainPermeable: false,
	dropsByType: 
	{
		"*-5": 
		[
			{ 
				type: "item",
				code: "sisal-leaves", 
				quantity: { avg: 7, var: 0.5 },
				tool: "knife"
				},
		],
		"*-6": 
		[
			{ 
			type: "item", 
			code: "seeds-sisal", 
			quantity: { avg: 2 },
			tool: "knife"
			},
			{ 
			type: "item", 
			code: "sisal-leaves", 
			quantity: { avg: 10, var: 1 },
			tool: "knife"
			},
		],
		"*": 
		[
			{ 
			type: "item", 
			code: "sisal-leaves", 
			quantity: { avg: 1 },
			tool: "knife"
			},
		]
	},
	cropProps: {
		"__comment": "Use 1/3 cup of a nitrogen-based fertilizer, such as 34-0-0 or 21-0-0",
		requiredNutrient: "N",
		nutrientConsumption: 30,
		growthStages: 6,
		totalGrowthDays: 6,
	},
	collisionboxbytype: 
	{ 
		"crop-sisal-1": { x1: 0.45, y1: 0, z1: 0.45, x2: 0.55, y2: 0.4, z2: 0.55 },
		"crop-sisal-2": { x1: 0.45, y1: 0, z1: 0.45, x2: 0.55, y2: 0.6, z2: 0.55 },
		"crop-sisal-3": { x1: 0.35, y1: 0, z1: 0.35, x2: 0.65, y2: 0.8, z2: 0.65 },
		"crop-sisal-4": { x1: 0.3, y1: 0, z1: 0.3, x2: 0.7, y2: 1, z2: 0.7 },
		"crop-sisal-5": { x1: 0.25, y1: 0, z1: 0.25, x2: 0.75, y2: 1.2, z2: 0.75 },
		"crop-sisal-6": { x1: 0.25, y1: 0, z1: 0.25, x2: 0.75, y2: 1.2, z2: 0.75 },
	},
	selectionboxbytype: 
	{
		"crop-sisal-1": { x1: 0.45, y1: 0, z1: 0.45, x2: 0.55, y2: 0.4, z2: 0.55 },
		"crop-sisal-2": { x1: 0.45, y1: 0, z1: 0.45, x2: 0.55, y2: 0.6, z2: 0.55 },
		"crop-sisal-3": { x1: 0.35, y1: 0, z1: 0.35, x2: 0.65, y2: 0.8, z2: 0.65 },
		"crop-sisal-4": { x1: 0.3, y1: 0, z1: 0.3, x2: 0.7, y2: 1, z2: 0.7 },
		"crop-sisal-5": { x1: 0.25, y1: 0, z1: 0.25, x2: 0.75, y2: 1.2, z2: 0.75 },
		"crop-sisal-6": { x1: 0.25, y1: 0, z1: 0.25, x2: 0.75, y2: 1.2, z2: 0.75 },
	},
	materialDensity: 200,
	combustibleProps: {
		burnTemperature: 600,
		burnDuration: 10,
	}
}
