[ 
 {
    "Mode": "Swap",
    "Takes": {
		"Code": "neolithicmod:chestlatched-bamboo-brown-east",
        "Type": "Block",		
		"Remove": true	
    },
    "Tool": {
        "Code": "neolithicmod:panel-bamboo-brown-down",
        "Type": "Block",
		"StackSize": 1
    },
    "Makes": [{
        "Code": "neolithicmod:chestcomplete-bamboo-brown-east",
        "Type": "Block",		
        "StackSize": 1
    }],
    "IsTool": false,
    "CraftSound": "sounds/block/planks",
    "Disabled": false
 },  
  {
    "Mode": "Swap",
    "Takes": {
		"Code": "neolithicmod:chestlatched-bamboo-green-east",
        "Type": "Block",		
		"Remove": true	
    },
    "Tool": {
        "Code": "neolithicmod:panel-bamboo-green-down",
        "Type": "Block",
		"StackSize": 1
    },
    "Makes": [{
        "Code": "neolithicmod:chestcomplete-bamboo-green-east",
        "Type": "Block",		
        "StackSize": 1
    }],
    "IsTool": false,
    "CraftSound": "sounds/block/planks",
    "Disabled": false
 },
 {
    "Mode": "Swap",
    "Takes": {
		"Code": "neolithicmod:chestlatched-aged-east",
        "Type": "Block",		
		"Remove": true	
    },
    "Tool": {
        "Code": "neolithicmod:panel-aged-debarked-down",
        "Type": "Block",
		"StackSize": 1
    },
    "Makes": [{
        "Code": "neolithicmod:chestcomplete-aged-east",
        "Type": "Block",		
        "StackSize": 1
    }],
    "IsTool": false,
    "CraftSound": "sounds/block/planks",
    "Disabled": false
 },  
  {
    "Mode": "Swap",
    "Takes": {
		"Code": "neolithicmod:chestlatched-acacia-east",
        "Type": "Block",		
		"Remove": true	
    },
    "Tool": {
        "Code": "neolithicmod:panel-acacia-debarked-down",
        "Type": "Block",
		"StackSize": 1
    },
    "Makes": [{
        "Code": "neolithicmod:chestcomplete-acacia-east",
        "Type": "Block",		
        "StackSize": 1
    }],
    "IsTool": false,
    "CraftSound": "sounds/block/planks",
    "Disabled": false
 },
 {
    "Mode": "Swap",
    "Takes": {
		"Code": "neolithicmod:chestlatched-birch-east",
        "Type": "Block",		
		"Remove": true	
    },
    "Tool": {
        "Code": "neolithicmod:panel-birch-debarked-down",
        "Type": "Block",
		"StackSize": 1
    },
    "Makes": [{
        "Code": "neolithicmod:chestcomplete-birch-east",
        "Type": "Block",		
        "StackSize": 1
    }],
    "IsTool": false,
    "CraftSound": "sounds/block/planks",
    "Disabled": false
 },
{
    "Mode": "Swap",
    "Takes": {
		"Code": "neolithicmod:chestlatched-kapok-east",
        "Type": "Block",		
		"Remove": true	
    },
    "Tool": {
        "Code": "neolithicmod:panel-kapok-debarked-down",
        "Type": "Block",
		"StackSize": 1
    },
    "Makes": [{
        "Code": "neolithicmod:chestcomplete-kapok-east",
        "Type": "Block",		
        "StackSize": 1
    }],
    "IsTool": false,
    "CraftSound": "sounds/block/planks",
    "Disabled": false
 },
 {
    "Mode": "Swap",
    "Takes": {
		"Code": "neolithicmod:chestlatched-maple-east",
        "Type": "Block",		
		"Remove": true	
    },
    "Tool": {
        "Code": "neolithicmod:panel-maple-debarked-down",
        "Type": "Block",
		"StackSize": 1
    },
    "Makes": [{
        "Code": "neolithicmod:chestcomplete-maple-east",
        "Type": "Block",		
        "StackSize": 1
    }],
    "IsTool": false,
    "CraftSound": "sounds/block/planks",
    "Disabled": false
 },
 {
    "Mode": "Swap",
    "Takes": {
		"Code": "neolithicmod:chestlatched-oaks-east",
        "Type": "Block",		
		"Remove": true	
    },
    "Tool": {
        "Code": "neolithicmod:panel-oaks-debarked-down",
        "Type": "block",
		"StackSize": 1
    },
    "Makes": [{
       "Code": "neolithicmod:chestcomplete-oaks-east",
        "Type": "Block",		
        "StackSize": 1
    }],
    "IsTool": false,
    "CraftSound": "sounds/block/planks",
    "Disabled": false
 },
 {
    "Mode": "Swap",
    "Takes": {
		"Code": "neolithicmod:chestlatched-pine-east",
        "Type": "Block",		
		"Remove": true	
    },
    "Tool": {
        "Code": "neolithicmod:panel-pine-debarked-down",
        "Type": "Block",
		"StackSize": 1
    },
    "Makes": [{
        "Code": "neolithicmod:chestcomplete-pine-east",
        "Type": "Block",		
        "StackSize": 1
    }],
    "IsTool": false,
    "CraftSound": "sounds/block/planks",
    "Disabled": false
 }, 
]