[ 
 {
    "Mode": "Swap",
    "Takes": {
		"Code": "neolithicmod:branch-cordage-thin-acacia-bark-*-ud",
        "Type": "Block",		
		"Remove": true	
    },
    "Tool": {
        "Code": "neolithicmod:branch-very-thin-acacia-bark-ud",
        "Type": "Item",
		"StackSize": 4		
    },
    "Makes": [{
        "Code": "neolithicmod:primitivegate-acacia-n-closed-left",
        "Type": "Block",		
        "StackSize": 1
    }],
    "IsTool": false,
    "CraftSound": "sounds/block/planks",
    "Disabled": false
 },  
  {
    "Mode": "Swap",
    "Takes": {
		"Code": "neolithicmod:branch-cordage-thin-birch-bark-*-ud",
        "Type": "Block",		
		"Remove": true	
    },
    "Tool": {
        "Code": "neolithicmod:branch-very-thin-birch-bark-ud",
        "Type": "Item",
		"StackSize": 4		
    },
    "Makes": [{
        "Code": "neolithicmod:primitivegate-birch-n-closed-left",
        "Type": "Block",		
        "StackSize": 1
    }],
    "IsTool": false,
    "CraftSound": "sounds/block/planks",
    "Disabled": false
 },
 {
    "Mode": "Swap",
    "Takes": {
		"Code": "neolithicmod:branch-cordage-thin-kapok-bark-*-ud",
        "Type": "Block",		
		"Remove": true	
    },
    "Tool": {
        "Code": "neolithicmod:branch-very-thin-kapok-bark-ud",
        "Type": "Item",
		"StackSize": 4		
    },
    "Makes": [{
        "Code": "neolithicmod:primitivegate-kapok-n-closed-left",
        "Type": "Block",		
        "StackSize": 1
    }],
    "IsTool": false,
    "CraftSound": "sounds/block/planks",
    "Disabled": false
 },
 {
    "Mode": "Swap",
    "Takes": {
		"Code": "neolithicmod:branch-cordage-thin-maple-bark-*-ud",
        "Type": "Block",		
		"Remove": true	
    },
    "Tool": {
        "Code": "neolithicmod:branch-very-thin-maple-bark-ud",
        "Type": "Item",
		"StackSize": 4		
    },
    "Makes": [{
        "Code": "neolithicmod:primitivegate-maple-n-closed-left",
        "Type": "Block",		
        "StackSize": 1
    }],
    "IsTool": false,
    "CraftSound": "sounds/block/planks",
    "Disabled": false
 },
 {
    "Mode": "Swap",
    "Takes": {
		"Code": "neolithicmod:branch-cordage-thin-oak-bark-*-ud",
        "Type": "Block",		
		"Remove": true	
    },
    "Tool": {
        "Code": "neolithicmod:branch-very-thin-oak-bark-ud",
        "Type": "Item",
		"StackSize": 4		
    },
    "Makes": [{
        "Code": "neolithicmod:primitivegate-oak-n-closed-left",
        "Type": "Block",		
        "StackSize": 1
    }],
    "IsTool": false,
    "CraftSound": "sounds/block/planks",
    "Disabled": false
 },
 {
    "Mode": "Swap",
    "Takes": {
		"Code": "neolithicmod:branch-cordage-thin-pine-bark-*-ud",
        "Type": "Block",		
		"Remove": true	
    },
    "Tool": {
        "Code": "neolithicmod:branch-very-thin-pine-bark-ud",
        "Type": "Item",
		"StackSize": 4		
    },
    "Makes": [{
        "Code": "neolithicmod:primitivegate-pine-n-closed-left",
        "Type": "Block",		
        "StackSize": 1
    }],
    "IsTool": false,
    "CraftSound": "sounds/block/planks",
    "Disabled": false
 },  
]