[ 
 {
    "Mode": "Swap",
    "Takes": {
		"Code": "neolithicmod:branch-cordage-thin-acacia-bark-*-ud",
        "Type": "Block",		
		"Remove": true	
    },
    "Tool": {
        "Code": "neolithicmod:branch-thin-acacia-bark-ud",
        "Type": "Item",
		"StackSize": 4		
    },
    "Makes": [{
        "Code": "neolithicmod:primitivefence-support-acacia-we",
        "Type": "Block",		
        "StackSize": 1
    }],
    "IsTool": false,
    "CraftSound": "sounds/block/planks",
    "Disabled": false
 },  
  {
    "Mode": "Swap",
    "Takes": {
		"Code": "neolithicmod:branch-cordage-thin-birch-bark-*-ud",
        "Type": "Block",		
		"Remove": true	
    },
    "Tool": {
        "Code": "neolithicmod:branch-thin-birch-bark-ud",
        "Type": "Item",
		"StackSize": 4		
    },
    "Makes": [{
        "Code": "neolithicmod:primitivefence-support-birch-we",
        "Type": "Block",		
        "StackSize": 1
    }],
    "IsTool": false,
    "CraftSound": "sounds/block/planks",
    "Disabled": false
 },
 {
    "Mode": "Swap",
    "Takes": {
		"Code": "neolithicmod:branch-cordage-thin-kapok-bark-*-ud",
        "Type": "Block",		
		"Remove": true	
    },
    "Tool": {
        "Code": "neolithicmod:branch-thin-kapok-bark-ud",
        "Type": "Item",
		"StackSize": 4		
    },
    "Makes": [{
        "Code": "neolithicmod:primitivefence-support-kapok-we",
        "Type": "Block",		
        "StackSize": 1
    }],
    "IsTool": false,
    "CraftSound": "sounds/block/planks",
    "Disabled": false
 },
 {
    "Mode": "Swap",
    "Takes": {
		"Code": "neolithicmod:branch-cordage-thin-maple-bark-*-ud",
        "Type": "Block",		
		"Remove": true	
    },
    "Tool": {
        "Code": "neolithicmod:branch-thin-maple-bark-ud",
        "Type": "Item",
		"StackSize": 4		
    },
    "Makes": [{
        "Code": "neolithicmod:primitivefence-support-maple-we",
        "Type": "Block",		
        "StackSize": 1
    }],
    "IsTool": false,
    "CraftSound": "sounds/block/planks",
    "Disabled": false
 },
 {
    "Mode": "Swap",
    "Takes": {
		"Code": "neolithicmod:branch-cordage-thin-oak-bark-*-ud",
        "Type": "Block",		
		"Remove": true	
    },
    "Tool": {
        "Code": "neolithicmod:branch-thin-oak-bark-ud",
        "Type": "Item",
		"StackSize": 4		
    },
    "Makes": [{
        "Code": "neolithicmod:primitivefence-support-oak-we",
        "Type": "Block",		
        "StackSize": 1
    }],
    "IsTool": false,
    "CraftSound": "sounds/block/planks",
    "Disabled": false
 },
 {
    "Mode": "Swap",
    "Takes": {
		"Code": "neolithicmod:branch-cordage-thin-pine-bark-*-ud",
        "Type": "Block",		
		"Remove": true	
    },
    "Tool": {
        "Code": "neolithicmod:branch-thin-pine-bark-ud",
        "Type": "Item",
		"StackSize": 4		
    },
    "Makes": [{
        "Code": "neolithicmod:primitivefence-support-pine-we",
        "Type": "Block",		
        "StackSize": 1
    }],
    "IsTool": false,
    "CraftSound": "sounds/block/planks",
    "Disabled": false
 },  
]