[ 
 {
    "Mode": "Swap",
    "Takes": {
		"Code": "neolithicmod:branch-cordage-thin-maple-bark-*-we",
        "Type": "Block",		
		"Remove": true	
    },
    "Tool": {
        "Code": "neolithicmod:branch-thin-maple-bark-ud",
        "Type": "Item",
		"StackSize": 3
    },
    "Makes": [{
        "Code": "neolithicmod:roofstairs-slope-maple-bark-north",
        "Type": "Block",		
        "StackSize": 1
    }],
    "IsTool": false,
    "CraftSound": "sounds/block/planks",
    "Disabled": false
 },  
  {
    "Mode": "Swap",
    "Takes": {
		"Code": "neolithicmod:branch-cordage-thin-maple-bark-*-ns",
        "Type": "Block",		
		"Remove": true	
    },
    "Tool": {
        "Code": "neolithicmod:branch-thin-maple-bark-ud",
        "Type": "Item",
		"StackSize": 3
    },
    "Makes": [{
        "Code": "neolithicmod:roofstairs-slope-maple-bark-north",
        "Type": "Block",		
        "StackSize": 1
    }],
    "IsTool": false,
    "CraftSound": "sounds/block/planks",
    "Disabled": false
 },
 {
    "Mode": "Swap",
    "Takes": {
		"Code": "neolithicmod:branch-cordage-thin-maple-debarked-*-we",
        "Type": "Block",		
		"Remove": true	
    },
    "Tool": {
        "Code": "neolithicmod:branch-thin-maple-debarked-ud",
        "Type": "Item",
		"StackSize": 3
    },
    "Makes": [{
        "Code": "neolithicmod:roofstairs-slope-maple-debarked-north",
        "Type": "Block",		
        "StackSize": 1
    }],
    "IsTool": false,
    "CraftSound": "sounds/block/planks",
    "Disabled": false
 },  
  {
    "Mode": "Swap",
    "Takes": {
		"Code": "neolithicmod:branch-cordage-thin-maple-debarked-*-ns",
        "Type": "Block",		
		"Remove": true	
    },
    "Tool": {
        "Code": "neolithicmod:branch-thin-maple-debarked-ud",
        "Type": "Item",
		"StackSize": 3
    },
    "Makes": [{
        "Code": "neolithicmod:roofstairs-slope-maple-debarked-north",
        "Type": "Block",		
        "StackSize": 1
    }],
    "IsTool": false,
    "CraftSound": "sounds/block/planks",
    "Disabled": false
 },  
]