{
	code: "spear",
	variantgroups: [
		{ code: "stone", states: ["granite", "andesite", "basalt", "obsidian", "flint", "peridotite"] },		
		{ code: "shaft", states: ["acacia", "birch", "kapok", "maple", "oak", "pine"] },
		{ code: "cordage", states: ["rope", "sinew", "leatherstrips", ] },
		{ code: "side", loadFromProperties: "abstract/horizontalorientation" },
	],
	shapeByType: { 
		"*-north": { base: "block/placedtool/spear-placed", rotateY: 0 },
		"*-east": { base: "block/placedtool/spear-placed", rotateY: 270 },
		"*-south": { base: "block/placedtool/spear-placed", rotateY: 180 },
		"*-west": { base: "block/placedtool/spear-placed", rotateY: 90 },		
		},
	textures:  {
			"stone": { base: "item/tool/material/{stone}" },
			"shaft": { base: "block/wood/debarked/{shaft}" },
			"cordage": { base: "block/cordage/{cordage}" },
	},	
	creativeinventory: { "general": [""]  },
	collisionselectionbox:{ x1: 0, y1: 0, z1: 0, x2: 1, y2: 0.1, z2: 1 },
	drops: [
		{ 
			type: "item", code: "spear-primitive-{stone}-{shaft}-{cordage}", quantity: { avg: 1 }
		}
	],
	blockmaterial: "Wood",
	replaceable: 900,
	resistance: 0.5,
	lightAbsorption: 0,
	sidesolid: {
		all: false
	},
	sideopaque: {
		all: false
	},
	sounds: {
		"place": "block/planks",
		"hit": "block/planks",
		"break": "block/planks",
		"walk": "walk/wood"
	},
	materialDensity: 600,
}