[
 {
    "Mode": "Create",
    "Takes": {
		"Code": "totems:totem-pig-crucible-*",
        "Type": "Block",        
		"Remove": false	
    },
    "Tool": {
        "Code": "game:clay-blue",
        "Type": "Item",
		"StackSize": 4
    },
    "Makes": [{
        "Code": "game:crucibleblue-raw",
        "Type": "Block",
        "StackSize": 1
    }],
    "IsTool": false,
    "CraftSound": "sounds/block/planks",
    "Disabled": false
 },
 {
    "Mode": "Create",
    "Takes": {
		"Code": "totems:totem-pig-crucible-*",
        "Type": "Block",        
		"Remove": false	
    },
    "Tool": {
        "Code": "game:clay-fire",
        "Type": "Item",
		"StackSize": 4
    },
    "Makes": [{
        "Code": "game:cruciblefire-raw",
        "Type": "Block",
        "StackSize": 1
    }],
    "IsTool": false,
    "CraftSound": "sounds/block/planks",
    "Disabled": false
 },
 {
    "Mode": "Create",
    "Takes": {
		"Code": "totems:totem-pig-crucible-*",
        "Type": "Block",        
		"Remove": false	
    },
    "Tool": {
        "Code": "game:clay-red",
        "Type": "Item",
		"StackSize": 4
    },
    "Makes": [{
        "Code": "game:cruciblered-raw",
        "Type": "Block",
        "StackSize": 1
    }],
    "IsTool": false,
    "CraftSound": "sounds/block/planks",
    "Disabled": false
 },
 {
    "Mode": "Create",
    "Takes": {
		"Code": "totems:totem-pig-crucible-*",
        "Type": "Block",        
		"Remove": false	
    },
    "Tool": {
        "Code": "game:clay-brown",
        "Type": "Item",
		"StackSize": 4
    },
    "Makes": [{
        "Code": "game:cruciblebrown-raw",
        "Type": "Block",
        "StackSize": 1
    }],
    "IsTool": false,
    "CraftSound": "sounds/block/planks",
    "Disabled": false
 },
]