{
	code: "cheesecloth",
	class: "BlockCheeseCloth",
	variantgroups: [
		{ code:"type", states: ["white", "brown", "black"] },
    { code:"contents", states: ["none", "curdsandwhey", "curds", "cheese"] },
	],
	shapebytype: {
		"*-none": { base: "block/cheesecloth" },
    "*": { base: "block/cheeseincloth" },
	},
	sidesolidByType: {
		"*": { all: false },
	},
	sideopaqueByType: {
		"*": { all: false },
	},
	blockmaterial: "Cloth",
	creativeinventory: { "general": ["*"], "decorative": ["*"] },
	replaceable: 700,
	resistance: 1,
	lightAbsorption: 1,
	textures: {
		all: { 
			base: "block/cloth/wool/{type}1", 
			alternates: [{ base: "block/cloth/wool/{type}2"}, { base: "block/cloth/wool/{type}3" }],
		}
	},
	selectionbox: {
		x1: 0, y1: 0, z1: 0, x2: 1, y2: 0.0625, z2: 1,
	},
	collisionbox: {
		x1: 0, y1: 0, z1: 0, x2: 1, y2: 0.0625, z2: 1,
	},
	combustibleProps: {
		burnTemperature: 400,
		burnDuration: 4,
	},
  fpHandTransform: {
		translation: { x: 0, y: 0.45, z: 0.5 },
		rotation: { x: 3, y: -20, z: 0 }
	},
	guiTransform: {
		rotation: { x: -45, y: -45.3, z: 0 },
		origin: { x: 0.5, y: 0.0625, z: 0.5 },
		scale: 1.16
	},
	sounds: {
		place: "block/cloth",
		break: "block/cloth",
		hit: "block/cloth",
		walk: "walk/cloth"
	},
	materialDensity: 200
}