{
	code: "rawclay",
	"__comment": "BlockSoilDeposit contains 1 method for setting the correct map color via GetBlockColor(), 1 method for generating soil below a deposit where needed and 1 method to make it grow grass",
	class: "BlockSoilDeposit",
	variantgroups: [
		{ code:"type", states: ["blue", "fire", "red", "brown"] },
		{ code:"grasscoverage", states: ["none", "verysparse"] },
	],
	shape: { base: "block/basic/cube" },
	drawtype: "TopSoil",
	renderpass: "TopSoil",
	blockmaterial: "Soil",
	attributes: {
		placeBelowBlockCode: "soil-low-none",
		growthBlockLayer: "l1soilwithgrass",
		growthLightLevel: 7,
		tallGrassGrowthChance: 0.6,
		preventsDecay: true,
		spreadsGrassByType: {
			"*-verysparse": true,
			"*-none": false,
		}
	},
	creativeinventory: { "general": ["*"], "terrain": ["*"] },
	replaceable: 700,
	resistance: 2,
	textures: {
		all: {base: "block/soil/{type}clay"},
		specialSecondTexture: {base: "block/plant/grasscoverage/{grasscoverage}"}
	},
	texturesInventory: {
		down: {base: "block/soil/{type}clay"},
		horizontals: {
			base: "block/soil/{type}clay",
			overlays: ["block/plant/grasscoverage/inventory/side_{grasscoverage}"]
		},
		up: {
			base: "block/soil/{type}clay",
			overlays: ["block/plant/grasscoverage/inventory/top_{grasscoverage}"]
		}
	},
	tintindexByType: {
		"*-none": 0,
		"*": 1,
	},
	sounds: {
		place: "block/dirt",
		break: "block/dirt",
		hit: "block/dirt",
	},
	fertility: 5,
	drops: [
		{ 
			type: "item", 
			code: "clay-{type}",
			quantity: { avg: 2, var: 1 },
		}
	],
	heldTpIdleAnimation: "holdbothhandslarge",
	tpHandTransform: {
		translation: { x: -1.2, y: -1.1, z: -0.8 },
		rotation: { x: -2, y: 25, z: -78 },
		scale: 0.37
	}
}