{
	code: "trough",
	class: "BlockTrough",
	behaviors: [{name: "NWOrientable"}],	
	entityClass: "Trough",
	attributes: {
		contentConfig: [
			{
				code: "flax",
				content: { type: "item", code: "game:grain-flax" }, 
				foodFor: ["chicken-*", "rabbit-*"],
				quantityPerFillLevel: 1,
				maxFillLevels: 8,
				shapesPerFillLevel: ["block/wood/trough/small/grainfill1", "block/wood/trough/small/grainfill1", "block/wood/trough/small/grainfill2", "block/wood/trough/small/grainfill2", "block/wood/trough/small/grainfill3", "block/wood/trough/small/grainfill3", "block/wood/trough/small/grainfill4", "block/wood/trough/small/grainfill4"],
				textureCode: "contents-flax"
			},
			{
				code: "rice",
				content: { type: "item", code: "game:grain-rice" }, 
				quantityPerFillLevel: 1,
				maxFillLevels: 8,
				shapesPerFillLevel: ["block/wood/trough/small/grainfill1", "block/wood/trough/small/grainfill1", "block/wood/trough/small/grainfill2", "block/wood/trough/small/grainfill2", "block/wood/trough/small/grainfill3", "block/wood/trough/small/grainfill3", "block/wood/trough/small/grainfill4", "block/wood/trough/small/grainfill4"],
				foodFor: ["chicken-*" , "rabbit-*"],
				textureCode: "contents-rice"
			},
			{
				code: "rye",
				content: { type: "item", code: "game:grain-rye" }, 
				quantityPerFillLevel: 1,
				maxFillLevels: 8,
				shapesPerFillLevel: ["block/wood/trough/small/grainfill1", "block/wood/trough/small/grainfill1", "block/wood/trough/small/grainfill2", "block/wood/trough/small/grainfill2", "block/wood/trough/small/grainfill3", "block/wood/trough/small/grainfill3", "block/wood/trough/small/grainfill4", "block/wood/trough/small/grainfill4"],
				foodFor: ["chicken-*" , "rabbit-*"],
				textureCode: "contents-rye"
			},
			{
				code: "spelt",
				content: { type: "item", code: "game:grain-spelt" }, 
				quantityPerFillLevel: 1,
				maxFillLevels: 8,
				shapesPerFillLevel: ["block/wood/trough/small/grainfill1", "block/wood/trough/small/grainfill1", "block/wood/trough/small/grainfill2", "block/wood/trough/small/grainfill2", "block/wood/trough/small/grainfill3", "block/wood/trough/small/grainfill3", "block/wood/trough/small/grainfill4", "block/wood/trough/small/grainfill4"],
				foodFor: ["chicken-*" , "rabbit-*"],
				textureCode: "contents-spelt"
			}
		]
	},
	sidesolid: {
		all: false
	},
	sideopaque: {
		all: false
	},
	heldTpIdleAnimation: "holdunderarm",
	variantgroups: [
		{ code: "material", states: ["genericwood"] },
		{ code: "part", states: ["small"] },
		{ code:"side", states: ["ns", "we"]}
	],
	creativeinventory: { "general": ["*-ns"], "decorative": ["*-ns"], "neolithicblocks": ["*-ns"] },
	
	shape: { base: "game:block/wood/trough/small/empty" },
	shapebytype: {
		"*-ns": { base: "game:block/wood/trough/small/empty", rotateY: 0 },
		"*-we": { base: "game:block/wood/trough/small/empty", rotateY: 90 },
	},
	textures: {
		"contents-flax": { base: "game:block/wood/trough/small/flax" },
		"contents-rice": { base: "game:block/wood/trough/small/rice" },
		"contents-rye": { base: "game:block/wood/trough/small/rye" },
		"contents-spelt": { base: "game:block/wood/trough/small/spelt" },
		"normal-side": { base: "game:block/hay/normal-side" },
		"normal-top": { base: "game:block/hay/normal-top" },
	},
	blockmaterial: "Wood",
	replaceable: 550,
	resistance: 2,
	lightAbsorption: 0,
	combustibleProps: {
		burnTemperature: 600,
		burnDuration: 40,
	},
	guiTransform: {
		translation: { x: -1, y: 0, z: 0 },
		origin: { x: 0.5, y: 0.22, z: 0.5 },
		scale: 1.53
	},
	fpHandTransform: {
		translation: { x: 0.8, y: -0.6, z: 0 },
		rotation: { x: 127, y: -50, z: -93 },
		scale: 1.17
	},
	tpHandTransform: {
		translation: { x: -0.3, y: -0.6, z: -0.47 },
		rotation: { x: 85, y: 0, z: 0 },
		scale: 0.56
	},
	groundTransform: {
		origin: { x: 0.5, y: 0, z: 0.5 },
		scale: 2
	},
	collisionselectionbox: { 
		x1: 0.25, y1: 0, z1: 0.0625, x2: 0.75, y2: 0.25, z2: 0.9375, rotateYByType: 
		{
			"*-ns": 90,
			"*-we": 0,
		}
	},	
	sounds: {
		"place": "block/planks",
		"hit": "block/planks",
		"break": "block/planks",
		"walk": "walk/wood"
	},
	materialDensity: 600
}