{
	code: "spearhead",
	variantgroups: [
		{ code: "material", states: [ "copper", "tinbronze", "bismuthbronze", "blackbronze", "gold", "silver", "iron" ] },
	],
	shape: { base: "item/tool/spear" },
	textures: {
		"metal": { base: "item/tool/material/{material}" },
		"wood": { base: "block/transparent" }
	},
	creativeinventory: { "general": ["*"], "items": ["*"], "tools": ["*"] },
	fpHandTransform: {
		translation: { x: 0.3, y: 0.1, z: 0 },
		rotation: { x: -23, y: 30, z: 79 },
		scale: 2.5
	},
	guiTransform: {
		rotate: false,
		translation: { x: 4, y: -1, z: 0 },
		rotation: { x: -44, y: -124, z: -180 },
		origin: { x: 0.5, y: 0.5, z: 0.5 },
		scale: 3
	},
	groundTransform: {
		translation: { x: 0, y: 0, z: 0 },
		rotation: { x: 0, y: 0, z: 0 },
		origin: { x: 0.5, y: 0.49, z: 0.5 },
		scale: 3.31
	},
	tpHandTransform: {
		translation: { x: -0.9, y: -0.7, z: -0.6 },
		rotation: { x: -37, y: -22, z: -22 },
		scale: 0.82
	}
}