[ 
 {
    "Mode": "Swap",
    "Takes": {
		"Code": "game:metalsheet-copper-down",
        "Type": "Block",		
		"Remove": true	
    },
    "Tool": {
        "Code": "game:lantern-copper-gold-up",
        "Type": "Item",		
    },
    "Makes": [{
        "Code": "game:sheet-lantern-copper-gold",
        "Type": "Block",		
        "StackSize": 1
    }],
    "IsTool": false,
    "CraftSound": "sounds/block/planks",
    "Disabled": false
 },  
 {
    "Mode": "Swap",
    "Takes": {
		"Code": "game:metalsheet-brass-down",
        "Type": "Block",		
		"Remove": true	
    },
    "Tool": {
        "Code": "game:lantern-brass-gold-up",
        "Type": "Item",		
    },
    "Makes": [{
        "Code": "game:sheet-lantern-brass-gold",
        "Type": "Block",		
        "StackSize": 1
    }],
    "IsTool": false,
    "CraftSound": "sounds/block/planks",
    "Disabled": false
 },
 {
    "Mode": "Swap",
    "Takes": {
		"Code": "game:metalsheet-blackbronze-down",
        "Type": "Block",		
		"Remove": true	
    },
    "Tool": {
        "Code": "game:lantern-blackbronze-gold-up",
        "Type": "Item",		
    },
    "Makes": [{
        "Code": "game:sheet-lantern-blackbronze-gold",
        "Type": "Block",		
        "StackSize": 1
    }],
    "IsTool": false,
    "CraftSound": "sounds/block/planks",
    "Disabled": false
 },
 {
    "Mode": "Swap",
    "Takes": {
		"Code": "game:metalsheet-bismuth-down",
        "Type": "Block",		
		"Remove": true	
    },
    "Tool": {
        "Code": "game:lantern-bismuth-gold-up",
        "Type": "Item",		
    },
    "Makes": [{
        "Code": "game:sheet-lantern-bismuth-gold",
        "Type": "Block",		
        "StackSize": 1
    }],
    "IsTool": false,
    "CraftSound": "sounds/block/planks",
    "Disabled": false
 },
 {
    "Mode": "Swap",
    "Takes": {
		"Code": "game:metalsheet-tinbronze-down",
        "Type": "Block",		
		"Remove": true	
    },
    "Tool": {
        "Code": "game:lantern-tinbronze-gold-up",
        "Type": "Item",		
    },
    "Makes": [{
        "Code": "game:sheet-lantern-tinbronze-gold",
        "Type": "Block",		
        "StackSize": 1
    }],
    "IsTool": false,
    "CraftSound": "sounds/block/planks",
    "Disabled": false
 },
 {
    "Mode": "Swap",
    "Takes": {
		"Code": "game:metalsheet-bismuthbronze-down",
        "Type": "Block",		
		"Remove": true	
    },
    "Tool": {
        "Code": "game:lantern-bismuthbronze-gold-up",
        "Type": "Item",		
    },
    "Makes": [{
        "Code": "game:sheet-lantern-bismuthbronze-gold",
        "Type": "Block",		
        "StackSize": 1
    }],
    "IsTool": false,
    "CraftSound": "sounds/block/planks",
    "Disabled": false
 },
 {
    "Mode": "Swap",
    "Takes": {
		"Code": "game:metalsheet-molybdochalkos-down",
        "Type": "Block",		
		"Remove": true	
    },
    "Tool": {
        "Code": "game:lantern-molybdochalkos-gold-up",
        "Type": "Item",		
    },
    "Makes": [{
        "Code": "game:sheet-lantern-molybdochalkos-gold",
        "Type": "Block",		
        "StackSize": 1
    }],
    "IsTool": false,
    "CraftSound": "sounds/block/planks",
    "Disabled": false
 },
 {
    "Mode": "Swap",
    "Takes": {
		"Code": "game:metalsheet-silver-down",
        "Type": "Block",		
		"Remove": true	
    },
    "Tool": {
        "Code": "game:lantern-silver-gold-up",
        "Type": "Item",		
    },
    "Makes": [{
        "Code": "game:sheet-lantern-silver-gold",
        "Type": "Block",		
        "StackSize": 1
    }],
    "IsTool": false,
    "CraftSound": "sounds/block/planks",
    "Disabled": false
 },
 {
    "Mode": "Swap",
    "Takes": {
		"Code": "game:metalsheet-gold-down",
        "Type": "Block",		
		"Remove": true	
    },
    "Tool": {
        "Code": "game:lantern-gold-gold-up",
        "Type": "Item",		
    },
    "Makes": [{
        "Code": "game:sheet-lantern-gold-gold",
        "Type": "Block",		
        "StackSize": 1
    }],
    "IsTool": false,
    "CraftSound": "sounds/block/planks",
    "Disabled": false
 }, 
]