{
	code: "candle",
	variantgroups: [
		{ code:"metal", states: ["wax", "tallow", ] },
	],
	class: "ItemCandle",
  attributesByType: {
    "candle-wax": {
      "blockfirstcodepart": "bunchocandles",
      "isCandle": true,
      "handbook": {
        "groupBy": [ "candle-wax" ],
        "extraSections": [
          {
            "title": "handbook-item-sources",
            "text": "To make candles you need to make a <a href=\"handbook://block-candlemold-copper-plain\">metal candle mold</a> , Place sisal twine for candle wick on the mold, and then pour smelted fat for tallow candles or bees wax for wax candles."
          }
        ]

      }
    },
    "candle-tallow": {
      "blockfirstcodepart": "bunchotallowcandles",
      "isCandle": true,
      "handbook": {
        "groupBy": [ "candle-tallow" ],
        "extraSections": [
          {
            "title": "handbook-item-sources",
            "text": "To make candles you need to make a <a href=\"handbook://block-candlemold-copper-plain\">metal candle mold</a> , Place sisal twine for candle wick on the mold, and then pour smelted fat for tallow candles or bees wax for wax candles."
          }
        ]

      }
    }
  },
	maxstacksize: 32,
	shapeByType: {
		"candle-wax": { base: "block/wax/candle3" },
		"candle-tallow": { base: "block/lightsources/tallow/tallowcandle3" },
	},
	creativeinventory: { "general": ["*"], "items": ["*"] },
	combustibleProps: {
		burnTemperature: 700,
		burnDuration: 8,
	},
	materialDensity: 200,
	guiTransform: {
		translation: { x: 1, y: 4, z: 0 },
		rotation: { x: -180, y: 36, z: -29 },
		origin: { x: 0.5, y: 0.11, z: 0.5 },
		scale: 4	
	},
	fpHandTransform: {
		translation: { x: 0, y: 0.16, z: 0 },
		rotation: { x: 1, y: 88, z: -5 },
		origin: { x: 0.5, y: 0.1, z: 0.5 },
		scale: 2.63
	},
	tpHandTransform: {
		translation: { x: -1.25, y: -0.7, z: -0.8 },
		rotation: { x: 0, y: -12, z: -83 },
		scale: 0.66
	},
	groundTransform: {
		rotation: { x: 3, y: 1, z: 0 },
		scale: 2.5
	}
}