{
	code: "ingot",
	class: "ItemIngot",
	maxstacksize: 16,
	attributes: {
		reinforcementStrengthByType: {
			"*-copper": 150,
			"*-tinbronze": 300,
			"*-bismuthbronze": 300,
			"*-blackbronze": 400,
			"*-iron": 800
		},
		handbook: {
			excludeByType: {
				"*-chromium": true,
				"*-platinum": true,
				"*-titanium": true,
				"*-rhodium": true,
				"*-stainlessteel": true,
				"*-uranium": true
			}
		}
	},
	variantgroups: [
		{ code: "metal", states: ["wax", "tallow", ], loadFromProperties: "block/metal" },
	],
	attributesByType: {
		"ingot-lead": {
			workableTemperature: 0
		}
	},
	storageFlags: 5,

	shape: { base: "item/ingot" },
	textures: {
		"metal": { base: "game:block/metal/ingot/{metal}" },
	},
	creativeinventory: { "general": ["*"], "items": ["*"] },
	materialDensityByType: {
		"*-copper": 8960,
		"*-brass": 8500,
		"*-tinbronze": 7600,
		"*-bismuthbronze": 7900,
		"*-blackbronze": 9000,
		"*-iron": 7870,
		"*-gold": 19300,
		"*-lead": 11300,
		"*-tin": 7260,
		"*-chromium": 7150,
		"*-platinum": 21500,
		"*-titanium": 4510,
		"*-zinc": 7140,
		"*-silver": 10500,
		"*-bismuth": 9790,
		"*-molybdochalkos": 9600
	},
	combustiblePropsByType: {
		"*-tallow": {
			meltingPoint: 45,
			meltingDuration: 30,
			smeltedRatio: 1,
			smeltedStack: { type: "item", code: "ingot-tallow" }
		},		
		"*-wax": {
			meltingPoint: 64,
			meltingDuration: 30,
			smeltedRatio: 1,
			smeltedStack: { type: "item", code: "ingot-wax" }
		},
		"ingot-copper": {
			meltingPoint: 1084,
			meltingDuration: 30,
			smeltedRatio: 1,
			smeltedStack: { type: "item", code: "ingot-copper" }
		},
		"ingot-brass": {
			meltingPoint: 920,
			meltingDuration: 30,
			smeltedRatio: 1,
			smeltedStack: { type: "item", code: "ingot-brass" }
		},
		"ingot-tinbronze": {
			meltingPoint: 950,
			meltingDuration: 30,
			smeltedRatio: 1,
			smeltedStack: { type: "item", code: "ingot-tinbronze" }
		},
		"ingot-bismuthbronze": {
			meltingPoint: 850,
			meltingDuration: 30,
			smeltedRatio: 1,
			smeltedStack: { type: "item", code: "ingot-bismuthbronze" }
		},
		"ingot-blackbronze": {
			meltingPoint: 1020,
			meltingDuration: 30,
			smeltedRatio: 1,
			smeltedStack: { type: "item", code: "ingot-blackbronze" }
		},
		"ingot-iron": {
			meltingPoint: 1482,
			meltingDuration: 30,
			smeltedRatio: 1,
			smeltedStack: { type: "item", code: "ingot-iron" }
		},
		"ingot-gold": {
			meltingPoint: 1063,
			meltingDuration: 30,
			smeltedRatio: 1,
			smeltedStack: { type: "item", code: "ingot-gold", }
		},
		"ingot-lead": {
			meltingPoint: 327,
			meltingDuration: 30,
			smeltedRatio: 1,
			smeltedStack: { type: "item", code: "ingot-lead" }
		},
		"ingot-tin": {
			meltingPoint: 232,
			meltingDuration: 30,
			smeltedRatio: 1,
			smeltedStack: { type: "item", code: "ingot-tin" }
		},
		"ingot-chromium": {
			meltingPoint: 1907,
			meltingDuration: 30,
			smeltedRatio: 1,
			smeltedStack: { type: "item", code: "ingot-chromium" }
		},
		"ingot-platinum": {
			meltingPoint: 1770,
			meltingDuration: 30,
			smeltedRatio: 1,
			smeltedStack: { type: "item", code: "ingot-platinum" }
		},
		"ingot-titanium": {
			meltingPoint: 1668,
			meltingDuration: 30,
			smeltedRatio: 1,
			smeltedStack: { type: "item", code: "ingot-titanium" }
		},
		"ingot-zinc": {
			meltingPoint: 419,
			meltingDuration: 30,
			smeltedRatio: 1,
			smeltedStack: { type: "item", code: "ingot-zinc" }
		},
		"ingot-silver": {
			meltingPoint: 961,
			meltingDuration: 30,
			smeltedRatio: 1,
			smeltedStack: { type: "item", code: "ingot-silver" }
		},
		"ingot-bismuth": {
			meltingPoint: 271,
			meltingDuration: 30,
			smeltedRatio: 1,
			smeltedStack: { type: "item", code: "ingot-bismuth" }
		},
		"ingot-molybdochalkos": {
			meltingPoint: 902,
			meltingDuration: 30,
			smeltedRatio: 1,
			smeltedStack: { type: "item", code: "ingot-molybdochalkos" }
		}
	},
	guiTransform: {
		translation: { x: 2, y: 0, z: 0 },
		rotation: { x: 149, y: -36, z: 0 },
		origin: { x: 0.5, y: 0.1, z: 0.5 },
		scale: 3.5
	},
	fpHandTransform: {
		translation: { x: 0, y: 0.1, z: 0 },
		rotation: { x: 65, y: 21, z: -6 },
		origin: { x: 0.5, y: 0.1, z: 0.5 },
		scale: 2.15
	},
	tpHandTransform: {
		translation: { x: -0.77, y: -0.15, z: -0.64 },
		rotation: { x: 0, y: -71, z: 18 },
		origin: { x: 0.5, y: 0.1, z: 0.5 },
		scale: 0.75
	},
	groundTransform: {
		translation: { x: 0, y: 0, z: 0 },
		rotation: { x: 0, y: 0, z: 0 },
		origin: { x: 0.5, y: 0, z: 0.5 },
		scale: 4.8
	}
}