{
	code: "shingle",
	maxstacksize: 64,
	variantgroups: [
		{ code: "state", states: ["raw", "burned" ] },
		{ code: "type", states: ["blue", "fire", "red", "brown" ] },
	],
	shape: { base: "item/shingle" },
	texturesByType: {
		"*-raw-*": {
			"material": { base: "block/clay/{type}clay" },
		},
		"*-burned-*": {
			"material": { base: "block/clay/shingles/{type}" },
		}
	},
	creativeinventory: { "general": ["*"], "items": ["*"] },
	combustibleProps: {
		meltingPoint: 600,
		meltingDuration: 15,
		smeltingType: "bake",
		smeltedStack: { type: "item", code: "shingle-burned-{type}" },
		requiresContainer: false
	},
	fpHandTransform: {
		translation: { x: 0, y: -0.1, z: 0 },
		rotation: { x: 180, y: 90, z: 5 }
	},
	materialDensity: 2600,
	fpHandTransform: {
		translation: { x: 0, y: 0.2, z: 0 },
		rotation: { x: 19, y: 16, z: 5 },
		origin: { x: 0.5, y: 0.1, z: 0.5 },
		scale: 1.94
	},
	guiTransform: {
		translation: { x: 0, y: 0, z: 0 },
		rotation: { x: -37, y: -40, z: -180 },
		origin: { x: 0.5, y: 0.02, z: 0.5 },
		scale: 4.6
	},
	groundTransform: {
		translation: { x: 0, y: 0, z: 0 },
		rotation: { x: 0, y: 0, z: 0 },
		origin: { x: 0.5, y: 0, z: 0.5 },
		scale: 4.65
	},
	tpHandTransform: {
		translation: { x: -0.67, y: -0.06, z: -0.6 },
		rotation: { x: 0, y: 74, z: 18 },
		origin: { x: 0.5, y: 0.1, z: 0.5 },
		scale: 0.81
	}
}