[ 
 {
    "Mode": "Swap",
    "Takes": {
		"Code": "game:lantern-base-candle-sides-glass-layer-copper-gold",
        "Type": "Block",		
		"Remove": true	
    },
    "Tool": {
        "Code": "game:lantern-top-copper",
        "Type": "Block",		
    },
    "Makes": [{
        "Code": "game:lantern-copper-gold-up",
        "Type": "Block",		
        "StackSize": 1
    }],
    "IsTool": false,
    "CraftSound": "sounds/block/planks",
    "Disabled": false
 },  
  {
    "Mode": "Swap",
    "Takes": {
		"Code": "game:lantern-base-candle-sides-glass-layer-brass-gold",
        "Type": "Block",		
		"Remove": true	
    },
    "Tool": {
        "Code": "game:lantern-top-brass",
        "Type": "Block",		
    },
    "Makes": [{
        "Code": "game:lantern-brass-gold-up",
        "Type": "Block",		
        "StackSize": 1
    }],
    "IsTool": false,
    "CraftSound": "sounds/block/planks",
    "Disabled": false
 },
 {
    "Mode": "Swap",
    "Takes": {
		"Code": "game:lantern-base-candle-sides-glass-layer-blackbronze-gold",
        "Type": "Block",		
		"Remove": true	
    },
    "Tool": {
        "Code": "game:lantern-top-blackbronze",
        "Type": "Block",	
    },
    "Makes": [{
        "Code": "game:lantern-blackbronze-gold-up",
        "Type": "Block",		
        "StackSize": 1
    }],
    "IsTool": false,
    "CraftSound": "sounds/block/planks",
    "Disabled": false
 },
 {
    "Mode": "Swap",
    "Takes": {
		"Code": "game:lantern-base-candle-sides-glass-layer-bismuth-gold",
        "Type": "Block",		
		"Remove": true	
    },
    "Tool": {
        "Code": "game:lantern-top-bismuth",
        "Type": "Block",		
    },
    "Makes": [{
        "Code": "game:lantern-bismuth-gold-up",
        "Type": "Block",		
        "StackSize": 1
    }],
    "IsTool": false,
    "CraftSound": "sounds/block/planks",
    "Disabled": false
 },
 {
    "Mode": "Swap",
    "Takes": {
		"Code": "game:lantern-base-candle-sides-glass-layer-tinbronze-gold",
        "Type": "Block",		
		"Remove": true	
    },
    "Tool": {
        "Code": "game:lantern-top-tinbronze",
        "Type": "Block",		
    },
    "Makes": [{
        "Code": "game:lantern-tinbronze-gold-up",
        "Type": "Block",		
        "StackSize": 1
    }],
    "IsTool": false,
    "CraftSound": "sounds/block/planks",
    "Disabled": false
 },
 {
    "Mode": "Swap",
    "Takes": {
		"Code": "game:lantern-base-candle-sides-glass-layer-bismuthbronze-gold",
        "Type": "Block",		
		"Remove": true	
    },
    "Tool": {
        "Code": "game:lantern-top-bismuthbronze",
        "Type": "Block",	
    },
    "Makes": [{
        "Code": "game:lantern-bismuthbronze-gold-up",
        "Type": "Block",		
        "StackSize": 1
    }],
    "IsTool": false,
    "CraftSound": "sounds/block/planks",
    "Disabled": false
 },
 {
    "Mode": "Swap",
    "Takes": {
		"Code": "game:lantern-base-candle-sides-glass-layer-molybdochalkos-gold",
        "Type": "Block",		
		"Remove": true	
    },
    "Tool": {
        "Code": "game:lantern-top-molybdochalkos",
        "Type": "Block",		
    },
    "Makes": [{
        "Code": "game:lantern-molybdochalkos-gold-up",
        "Type": "Block",		
        "StackSize": 1
    }],
    "IsTool": false,
    "CraftSound": "sounds/block/planks",
    "Disabled": false
 },
 {
    "Mode": "Swap",
    "Takes": {
		"Code": "game:lantern-base-candle-sides-glass-layer-silver-gold",
        "Type": "Block",		
		"Remove": true	
    },
    "Tool": {
        "Code": "game:lantern-top-silver",
        "Type": "Block",		
    },
    "Makes": [{
        "Code": "game:lantern-silver-gold-up",
        "Type": "Block",		
        "StackSize": 1
    }],
    "IsTool": false,
    "CraftSound": "sounds/block/planks",
    "Disabled": false
 },
 {
    "Mode": "Swap",
    "Takes": {
		"Code": "game:lantern-base-candle-sides-glass-layer-gold-gold",
        "Type": "Block",		
		"Remove": true	
    },
    "Tool": {
        "Code": "game:lantern-top-gold",
        "Type": "Block",	
    },
    "Makes": [{
        "Code": "game:lantern-gold-gold-up",
        "Type": "Block",		
        "StackSize": 1
    }],
    "IsTool": false,
    "CraftSound": "sounds/block/planks",
    "Disabled": false
 },
]