[ 
 {
    "Mode": "Swap",
    "Takes": {
		"Code": "game:lantern-base-copper",
        "Type": "Block",		
		"Remove": true	
    },
    "Tool": {
        "Code": "game:candle-wax",
        "Type": "Item",		
    },
    "Makes": [{
        "Code": "game:lantern-base-candle-copper",
        "Type": "Block",		
        "StackSize": 1
    }],
    "IsTool": false,
    "CraftSound": "sounds/block/planks",
    "Disabled": false
 },  
 {
    "Mode": "Swap",
    "Takes": {
		"Code": "game:lantern-base-brass",
        "Type": "Block",		
		"Remove": true	
    },
    "Tool": {
        "Code": "game:candle-wax",
        "Type": "Item",		
    },
    "Makes": [{
        "Code": "game:lantern-base-candle-brass",
        "Type": "Block",		
        "StackSize": 1
    }],
    "IsTool": false,
    "CraftSound": "sounds/block/planks",
    "Disabled": false
 },
 {
    "Mode": "Swap",
    "Takes": {
		"Code": "game:lantern-base-blackbronze",
        "Type": "Block",		
		"Remove": true	
    },
    "Tool": {
        "Code": "game:candle-wax",
        "Type": "Item",		
    },
    "Makes": [{
        "Code": "game:lantern-base-candle-blackbronze",
        "Type": "Block",		
        "StackSize": 1
    }],
    "IsTool": false,
    "CraftSound": "sounds/block/planks",
    "Disabled": false
 },
 {
    "Mode": "Swap",
    "Takes": {
		"Code": "game:lantern-base-bismuth",
        "Type": "Block",		
		"Remove": true	
    },
    "Tool": {
        "Code": "game:candle-wax",
        "Type": "Item",		
    },
    "Makes": [{
        "Code": "game:lantern-base-candle-bismuth",
        "Type": "Block",		
        "StackSize": 1
    }],
    "IsTool": false,
    "CraftSound": "sounds/block/planks",
    "Disabled": false
 },
 {
    "Mode": "Swap",
    "Takes": {
		"Code": "game:lantern-base-tinbronze",
        "Type": "Block",		
		"Remove": true	
    },
    "Tool": {
        "Code": "game:candle-wax",
        "Type": "Item",		
    },
    "Makes": [{
        "Code": "game:lantern-base-candle-tinbronze",
        "Type": "Block",		
        "StackSize": 1
    }],
    "IsTool": false,
    "CraftSound": "sounds/block/planks",
    "Disabled": false
 },
 {
    "Mode": "Swap",
    "Takes": {
		"Code": "game:lantern-base-bismuthbronze",
        "Type": "Block",		
		"Remove": true	
    },
    "Tool": {
        "Code": "game:candle-wax",
        "Type": "Item",		
    },
    "Makes": [{
        "Code": "game:lantern-base-candle-bismuthbronze",
        "Type": "Block",		
        "StackSize": 1
    }],
    "IsTool": false,
    "CraftSound": "sounds/block/planks",
    "Disabled": false
 },
 {
    "Mode": "Swap",
    "Takes": {
		"Code": "game:lantern-base-molybdochalkos",
        "Type": "Block",		
		"Remove": true	
    },
    "Tool": {
        "Code": "game:candle-wax",
        "Type": "Item",		
    },
    "Makes": [{
        "Code": "game:lantern-base-candle-molybdochalkos",
        "Type": "Block",		
        "StackSize": 1
    }],
    "IsTool": false,
    "CraftSound": "sounds/block/planks",
    "Disabled": false
 },
 {
    "Mode": "Swap",
    "Takes": {
		"Code": "game:lantern-base-silver",
        "Type": "Block",		
		"Remove": true	
    },
    "Tool": {
        "Code": "game:candle-wax",
        "Type": "Item",		
    },
    "Makes": [{
        "Code": "game:lantern-base-candle-silver",
        "Type": "Block",		
        "StackSize": 1
    }],
    "IsTool": false,
    "CraftSound": "sounds/block/planks",
    "Disabled": false
 },
 {
    "Mode": "Swap",
    "Takes": {
		"Code": "game:lantern-base-gold",
        "Type": "Block",		
		"Remove": true	
    },
    "Tool": {
        "Code": "game:candle-wax",
        "Type": "Item",		
    },
    "Makes": [{
        "Code": "game:lantern-base-candle-gold",
        "Type": "Block",		
        "StackSize": 1
    }],
    "IsTool": false,
    "CraftSound": "sounds/block/planks",
    "Disabled": false
 }, 
]