[
 {
    "Mode": "Swap",
    "Takes": {
		"Code": "game:axe-headshaft-granite-kapok-*",
        "Type": "Block",		
		"Remove": true	
    },
    "Tool": {
        "Code": "neolithicmod:animal-leatherstrips",
        "Type": "Item",
		"StackSize": 1		
    },
    "Makes": [{
        "Code": "game:axe-granite-kapok-leatherstrips-north",
        "Type": "Block",		
        "StackSize": 1
    }],
    "IsTool": false,
    "CraftSound": "sounds/block/planks",
    "Disabled": false
 },
  {
    "Mode": "Swap",
    "Takes": {
		"Code": "game:axe-headshaft-granite-kapok-*",
        "Type": "Block",		
		"Remove": true	
    },
    "Tool": {
        "Code": "neolithicmod:byproducts-sinew",
        "Type": "Item",
		"StackSize": 1		
    },
    "Makes": [{
        "Code": "game:axe-granite-kapok-sinew-north",
        "Type": "Block",		
        "StackSize": 1
    }],
    "IsTool": false,
    "CraftSound": "sounds/block/planks",
    "Disabled": false
 },
 {
    "Mode": "Swap",
    "Takes": {
		"Code": "game:axe-headshaft-granite-kapok-*",
        "Type": "Block",		
		"Remove": true	
    },
    "Tool": {
        "Code": "neolithicmod:sisal-twine",
        "Type": "Item",
		"StackSize": 1		
    },
    "Makes": [{
        "Code": "game:axe-granite-kapok-sinew-north",
        "Type": "Block",		
        "StackSize": 1
    }],
    "IsTool": false,
    "CraftSound": "sounds/block/planks",
    "Disabled": false
 },
]