{
	"editor": {
		"allAngles": true,
		"singleTexture": false
	},
	"textureWidth": 16,
	"textureHeight": 16,
	"textures": {
		"leatherstrip": "neolithic/materials/leatherstrip"
	},
	"elements": [
		{
			"name": "Cube1",
			"from": [ 8.0, 0.0, 8.0 ], 
			"to": [ 9.0, 1.0, 9.0 ], 
			"rotationOrigin": [ 8.0, 0.0, 8.0 ],
			"faces": {
				"north": { "texture": "#null", "uv": [ 0.0, 0.0, 1.0, 1.0 ], "enabled": false },
				"east": { "texture": "#null", "uv": [ 0.0, 0.0, 1.0, 1.0 ], "enabled": false },
				"south": { "texture": "#null", "uv": [ 0.0, 0.0, 1.0, 1.0 ], "enabled": false },
				"west": { "texture": "#null", "uv": [ 0.0, 0.0, 1.0, 1.0 ], "enabled": false },
				"up": { "texture": "#null", "uv": [ 0.0, 0.0, 1.0, 1.0 ], "enabled": false },
				"down": { "texture": "#null", "uv": [ 0.0, 0.0, 1.0, 1.0 ], "enabled": false }
			},
			"children": [
				{
					"name": "Cube3",
					"from": [ 2.0, 0.0, -8.0 ], 
					"to": [ 4.0, 0.5, 8.0 ], 
					"rotationOrigin": [ 3.0, 0.0, 0.0 ],
					"rotationY": 6.0,
					"faces": {
						"north": { "texture": "#leatherstrip", "uv": [ 0.0, 15.5, 2.0, 16.0 ] },
						"east": { "texture": "#leatherstrip", "uv": [ 4.5, 0.0, 5.0, 16.0 ], "rotation": 90 },
						"south": { "texture": "#leatherstrip", "uv": [ 2.0, 15.5, 4.0, 16.0 ] },
						"west": { "texture": "#leatherstrip", "uv": [ 4.5, 0.0, 5.0, 16.0 ], "rotation": 90 },
						"up": { "texture": "#leatherstrip", "uv": [ 2.0, 0.0, 4.0, 16.0 ], "autoUv": false },
						"down": { "texture": "#leatherstrip", "uv": [ 8.0, 0.0, 10.0, 16.0 ] }
					}
				},
				{
					"name": "Cube4",
					"from": [ 0.0, 0.5, -8.0 ], 
					"to": [ 2.0, 1.0, 8.0 ], 
					"rotationOrigin": [ 1.0, 0.5, 0.0 ],
					"rotationY": -8.0,
					"faces": {
						"north": { "texture": "#leatherstrip", "uv": [ 0.0, 15.5, 2.0, 16.0 ] },
						"east": { "texture": "#leatherstrip", "uv": [ 4.5, 0.0, 5.0, 16.0 ], "rotation": 90 },
						"south": { "texture": "#leatherstrip", "uv": [ 2.0, 15.5, 4.0, 16.0 ] },
						"west": { "texture": "#leatherstrip", "uv": [ 4.5, 0.0, 5.0, 16.0 ], "rotation": 90 },
						"up": { "texture": "#leatherstrip", "uv": [ 2.0, 0.0, 4.0, 16.0 ], "rotation": 180, "autoUv": false },
						"down": { "texture": "#leatherstrip", "uv": [ 8.0, 0.0, 10.0, 16.0 ], "rotation": 180 }
					}
				},
				{
					"name": "Cube2",
					"from": [ -2.0, 0.0, -8.0 ], 
					"to": [ 0.0, 0.5, 8.0 ], 
					"rotationOrigin": [ -1.0, 0.0, 0.0 ],
					"rotationY": 19.0,
					"faces": {
						"north": { "texture": "#leatherstrip", "uv": [ 2.0, 0.0, 4.0, 0.5 ] },
						"east": { "texture": "#leatherstrip", "uv": [ 4.5, 0.0, 5.0, 16.0 ], "rotation": 90 },
						"south": { "texture": "#leatherstrip", "uv": [ 0.0, 15.0, 2.0, 15.5 ] },
						"west": { "texture": "#leatherstrip", "uv": [ 4.5, 0.0, 5.0, 16.0 ], "rotation": 90 },
						"up": { "texture": "#leatherstrip", "uv": [ 0.0, 0.0, 2.0, 16.0 ], "autoUv": false },
						"down": { "texture": "#leatherstrip", "uv": [ 6.0, 0.0, 8.0, 16.0 ] }
					}
				}
			]
		}
	]}