{
	"editor": {
		"allAngles": false,
		"singleTexture": false
	},
	"textureWidth": 16,
	"textureHeight": 16,
	"textures": {
		"sinew": "neolithic/materials/sinew"
	},
	"elements": [
		{
			"name": "Cube1",
			"from": [ 8.0, 0.0, 8.0 ], 
			"to": [ 9.0, 1.0, 9.0 ], 
			"rotationOrigin": [ 8.0, 0.0, 8.0 ],
			"faces": {
				"north": { "texture": "#null", "uv": [ 0.0, 0.0, 1.0, 1.0 ], "enabled": false },
				"east": { "texture": "#null", "uv": [ 0.0, 0.0, 1.0, 1.0 ], "enabled": false },
				"south": { "texture": "#null", "uv": [ 0.0, 0.0, 1.0, 1.0 ], "enabled": false },
				"west": { "texture": "#null", "uv": [ 0.0, 0.0, 1.0, 1.0 ], "enabled": false },
				"up": { "texture": "#null", "uv": [ 0.0, 0.0, 1.0, 1.0 ], "enabled": false },
				"down": { "texture": "#null", "uv": [ 0.5, 0.0, 1.5, 1.0 ], "enabled": false }
			},
			"children": [
				{
					"name": "Cube2",
					"from": [ 0.0, -0.95, 0.0 ], 
					"to": [ 2.0, 0.05, 6.0 ], 
					"rotationOrigin": [ 1.0, 0.0, 3.0 ],
					"rotationY": 157.5,
					"faces": {
						"north": { "texture": "#sinew", "uv": [ 0.0, 0.0, 2.0, 1.0 ], "enabled": false },
						"east": { "texture": "#null", "uv": [ 0.0, 0.0, 6.0, 1.0 ], "enabled": false },
						"south": { "texture": "#null", "uv": [ 0.0, 0.0, 2.0, 1.0 ], "enabled": false },
						"west": { "texture": "#null", "uv": [ 0.0, 0.0, 6.0, 1.0 ], "enabled": false },
						"up": { "texture": "#sinew", "uv": [ 0.0, 0.0, 4.5, 16.0 ], "autoUv": false },
						"down": { "texture": "#null", "uv": [ 0.0, 0.0, 2.0, 6.0 ], "enabled": false }
					}
				},
				{
					"name": "Cube3",
					"from": [ -2.0, -0.9, 0.0 ], 
					"to": [ 0.0, 0.1, 6.0 ], 
					"rotationOrigin": [ -1.0, 0.0, 3.0 ],
					"rotationY": -157.5,
					"faces": {
						"north": { "texture": "#sinew", "uv": [ 0.0, 0.0, 2.0, 1.0 ], "enabled": false },
						"east": { "texture": "#null", "uv": [ 0.0, 0.0, 6.0, 1.0 ], "enabled": false },
						"south": { "texture": "#null", "uv": [ 0.0, 0.0, 2.0, 1.0 ], "enabled": false },
						"west": { "texture": "#null", "uv": [ 0.0, 0.0, 6.0, 1.0 ], "enabled": false },
						"up": { "texture": "#sinew", "uv": [ 4.5, 0.0, 9.5, 16.0 ], "autoUv": false },
						"down": { "texture": "#null", "uv": [ 0.0, 0.0, 2.0, 6.0 ], "enabled": false }
					}
				},
				{
					"name": "Cube4",
					"from": [ 0.0, -0.97, 0.0 ], 
					"to": [ 2.0, 0.03, 6.0 ], 
					"rotationOrigin": [ 1.0, 0.0, 3.0 ],
					"faces": {
						"north": { "texture": "#sinew", "uv": [ 0.0, 0.0, 2.0, 1.0 ], "enabled": false },
						"east": { "texture": "#null", "uv": [ 0.0, 0.0, 6.0, 1.0 ], "enabled": false },
						"south": { "texture": "#null", "uv": [ 0.0, 0.0, 2.0, 1.0 ], "enabled": false },
						"west": { "texture": "#null", "uv": [ 0.0, 0.0, 6.0, 1.0 ], "enabled": false },
						"up": { "texture": "#sinew", "uv": [ 9.5, 2.0, 15.5, 16.0 ], "autoUv": false },
						"down": { "texture": "#null", "uv": [ 0.0, 0.0, 2.0, 6.0 ], "enabled": false }
					}
				},
				{
					"name": "Cube5",
					"from": [ 0.0, -0.95, -5.0 ], 
					"to": [ 2.0, 0.05, 1.0 ], 
					"rotationOrigin": [ 1.0, 0.0, -2.0 ],
					"rotationY": 45.0,
					"faces": {
						"north": { "texture": "#sinew", "uv": [ 0.0, 0.0, 2.0, 1.0 ], "enabled": false },
						"east": { "texture": "#null", "uv": [ 0.0, 0.0, 6.0, 1.0 ], "enabled": false },
						"south": { "texture": "#null", "uv": [ 0.0, 0.0, 2.0, 1.0 ], "enabled": false },
						"west": { "texture": "#null", "uv": [ 0.0, 0.0, 6.0, 1.0 ], "enabled": false },
						"up": { "texture": "#sinew", "uv": [ 0.0, 0.0, 4.5, 16.0 ], "autoUv": false },
						"down": { "texture": "#null", "uv": [ 0.0, 0.0, 2.0, 6.0 ], "enabled": false }
					}
				},
				{
					"name": "Cube6",
					"from": [ 0.0, -0.96, -6.0 ], 
					"to": [ 2.0, 0.04, 0.0 ], 
					"rotationOrigin": [ 1.0, 0.0, -3.0 ],
					"rotationY": 45.0,
					"faces": {
						"north": { "texture": "#sinew", "uv": [ 0.0, 0.0, 2.0, 1.0 ], "enabled": false },
						"east": { "texture": "#null", "uv": [ 0.0, 0.0, 6.0, 1.0 ], "enabled": false },
						"south": { "texture": "#null", "uv": [ 0.0, 0.0, 2.0, 1.0 ], "enabled": false },
						"west": { "texture": "#null", "uv": [ 0.0, 0.0, 6.0, 1.0 ], "enabled": false },
						"up": { "texture": "#sinew", "uv": [ 0.0, 0.0, 4.5, 16.0 ], "autoUv": false },
						"down": { "texture": "#null", "uv": [ 0.0, 0.0, 2.0, 6.0 ], "enabled": false }
					}
				},
				{
					"name": "Cube7",
					"from": [ -3.0, -0.9, -4.0 ], 
					"to": [ -1.0, 0.1, 2.0 ], 
					"rotationOrigin": [ -2.0, 0.0, -1.0 ],
					"rotationY": -112.5,
					"faces": {
						"north": { "texture": "#sinew", "uv": [ 0.0, 0.0, 2.0, 1.0 ], "enabled": false },
						"east": { "texture": "#null", "uv": [ 0.0, 0.0, 6.0, 1.0 ], "enabled": false },
						"south": { "texture": "#null", "uv": [ 0.0, 0.0, 2.0, 1.0 ], "enabled": false },
						"west": { "texture": "#null", "uv": [ 0.0, 0.0, 6.0, 1.0 ], "enabled": false },
						"up": { "texture": "#sinew", "uv": [ 4.5, 0.0, 9.5, 16.0 ], "autoUv": false },
						"down": { "texture": "#null", "uv": [ 0.0, 0.0, 2.0, 6.0 ], "enabled": false }
					}
				}
			]
		}
	]}