{
	"editor": {
		"allAngles": true,
		"singleTexture": false
	},
	"textureWidth": 16,
	"textureHeight": 16,
	"textures": {
		"sisal": "neolithic/materials/sisal"
	},
	"elements": [
		{
			"name": "Cube1",
			"from": [ 8.0, 0.0, 8.0 ], 
			"to": [ 9.0, 1.0, 9.0 ], 
			"rotationOrigin": [ 8.0, 0.0, 8.0 ],
			"faces": {
				"north": { "texture": "#null", "uv": [ 0.0, 0.0, 1.0, 1.0 ], "enabled": false },
				"east": { "texture": "#null", "uv": [ 0.0, 0.0, 1.0, 1.0 ], "enabled": false },
				"south": { "texture": "#null", "uv": [ 0.0, 0.0, 1.0, 1.0 ], "enabled": false },
				"west": { "texture": "#null", "uv": [ 0.0, 0.0, 1.0, 1.0 ], "enabled": false },
				"up": { "texture": "#null", "uv": [ 0.0, 0.0, 1.0, 1.0 ], "enabled": false },
				"down": { "texture": "#null", "uv": [ 0.0, 0.0, 1.0, 1.0 ], "enabled": false }
			},
			"children": [
				{
					"name": "Cube2",
					"from": [ -1.0, -1.0, -4.0 ], 
					"to": [ 1.0, 1.0, 4.0 ], 
					"faces": {
						"north": { "texture": "#sisal", "uv": [ 9.0, 7.5, 13.0, 11.5 ], "autoUv": false },
						"east": { "texture": "#sisal", "uv": [ 0.0, 4.0, 4.0, 16.0 ], "rotation": 90, "autoUv": false },
						"south": { "texture": "#sisal", "uv": [ 9.0, 7.5, 13.0, 11.5 ], "autoUv": false },
						"west": { "texture": "#sisal", "uv": [ 0.0, 4.0, 4.0, 16.0 ], "rotation": 90, "autoUv": false },
						"up": { "texture": "#sisal", "uv": [ 0.0, 4.0, 4.0, 16.0 ], "autoUv": false },
						"down": { "texture": "#sisal", "uv": [ 0.0, 4.0, 4.0, 16.0 ], "autoUv": false }
					},
					"children": [
						{
							"name": "Cube3",
							"from": [ 0.0, 1.0, -2.0 ], 
							"to": [ 2.0, 2.0, 0.0 ], 
							"rotationOrigin": [ 1.0, 2.0, 0.0 ],
							"rotationX": -11.0,
							"faces": {
								"north": { "texture": "#null", "uv": [ 0.0, 0.0, 2.0, 1.0 ], "enabled": false },
								"east": { "texture": "#null", "uv": [ 0.0, 0.0, 2.0, 1.0 ], "enabled": false },
								"south": { "texture": "#null", "uv": [ 0.0, 0.0, 2.0, 1.0 ], "enabled": false },
								"west": { "texture": "#null", "uv": [ 0.0, 0.0, 2.0, 1.0 ], "enabled": false },
								"up": { "texture": "#sisal", "uv": [ 0.0, 0.0, 4.0, 4.0 ], "autoUv": false },
								"down": { "texture": "#sisal", "uv": [ 0.0, 0.0, 2.0, 4.5 ], "enabled": false, "autoUv": false }
							}
						},
						{
							"name": "Cube4",
							"from": [ 0.0, -1.0, -2.0 ], 
							"to": [ 2.0, 0.0, 0.0 ], 
							"rotationOrigin": [ 1.0, 0.0, 0.0 ],
							"rotationX": 14.0,
							"faces": {
								"north": { "texture": "#null", "uv": [ 0.0, 0.0, 2.0, 1.0 ], "enabled": false },
								"east": { "texture": "#null", "uv": [ 0.0, 0.0, 2.0, 1.0 ], "enabled": false },
								"south": { "texture": "#null", "uv": [ 0.0, 0.0, 2.0, 1.0 ], "enabled": false },
								"west": { "texture": "#null", "uv": [ 0.0, 0.0, 2.0, 1.0 ], "enabled": false },
								"up": { "texture": "#sisal", "uv": [ 4.5, 0.0, 8.5, 4.0 ], "autoUv": false },
								"down": { "texture": "#sisal", "uv": [ 0.0, 0.0, 2.0, 4.5 ], "enabled": false, "autoUv": false }
							}
						},
						{
							"name": "Cube5",
							"from": [ 0.0, -1.0, 6.0 ], 
							"to": [ 2.0, 0.0, 8.0 ], 
							"rotationOrigin": [ 1.0, 0.0, 8.0 ],
							"rotationX": -14.0,
							"rotationY": -180.0,
							"faces": {
								"north": { "texture": "#null", "uv": [ 0.0, 0.0, 2.0, 1.0 ], "enabled": false },
								"east": { "texture": "#null", "uv": [ 0.0, 0.0, 2.0, 1.0 ], "enabled": false },
								"south": { "texture": "#null", "uv": [ 0.0, 0.0, 2.0, 1.0 ], "enabled": false },
								"west": { "texture": "#null", "uv": [ 0.0, 0.0, 2.0, 1.0 ], "enabled": false },
								"up": { "texture": "#sisal", "uv": [ 9.0, 0.0, 13.0, 4.0 ], "autoUv": false },
								"down": { "texture": "#sisal", "uv": [ 0.0, 0.0, 2.0, 4.5 ], "enabled": false, "autoUv": false }
							}
						},
						{
							"name": "Cube6",
							"from": [ 0.0, 1.0, 6.0 ], 
							"to": [ 2.0, 2.0, 8.0 ], 
							"rotationOrigin": [ 1.0, 2.0, 8.0 ],
							"rotationX": 22.0,
							"rotationY": -180.0,
							"faces": {
								"north": { "texture": "#null", "uv": [ 0.0, 0.0, 2.0, 1.0 ], "enabled": false },
								"east": { "texture": "#null", "uv": [ 0.0, 0.0, 2.0, 1.0 ], "enabled": false },
								"south": { "texture": "#null", "uv": [ 0.0, 0.0, 2.0, 1.0 ], "enabled": false },
								"west": { "texture": "#null", "uv": [ 0.0, 0.0, 2.0, 1.0 ], "enabled": false },
								"up": { "texture": "#sisal", "uv": [ 9.0, 0.0, 13.0, 4.0 ], "autoUv": false },
								"down": { "texture": "#sisal", "uv": [ 0.0, 0.0, 2.0, 4.5 ], "enabled": false, "autoUv": false }
							}
						}
					]
				}
			]
		}
	]}