{
	code: "pickledlegume",
	maxstacksize: 64,
	attributes: {
		inContainerTexture: { base: "block/wood/barrel/pickled-{type}" },
		crockable: true
	},
	variantgroups: [
		{ code: "type", states: ["soybean"] },
	],
	shapebytype: {
		"*-soybean": { base: "item/food/pickledvegetable/soypile" },
	},
	creativeinventory: { "general": ["*"], "items": ["*"] },
	nutritionPropsByType: {
		"*": { saturation: 300, health: 0, foodcategory: "Protein" },
	},
	transitionableProps: [{
		type: "Perish",
		freshHours: { avg: 4320 },
		transitionHours: { avg: 432 },
		transitionedStack: { type: "item", code: "rot" },
		transitionRatio: 0.5
	}],
	materialDensity: 600,
	guiTransformByType: {
		"*-soybean": {
			translation: { x: 2.5, y: 1, z: 0 },
			rotation: { x: 137, y: 131, z: 0 },
			origin: { x: 0.5, y: 0.2, z: 0.5 },
			scale: 1.38
		}
	},
	fpHandTransformByType: {
		"*-soybean":	{
			translation: { x: 0, y: 0, z: 0 },
			rotation: { x: 51, y: 90, z: -30 },
			scale: 1.9
		}
	},
	tpHandTransformByType: {
		"*-soybean": {
			translation: { x: -0.7, y: -0.14, z: -0.6 },
			rotation: { x: 1, y: -1, z: -31 },
			origin: { x: 0.5, y: 0.1, z: 0.5 },
			scale: 0.79
		}
		
	},
	groundTransformByType: {
		"*-soybean": {
			translation: { x: 0, y: 0, z: 0 },
			rotation: { x: 0, y: 0, z: 0 },
			origin: { x: 0.5, y: 0, z: 0.5 },
			scale: 3.5
		},
	}
}