{
	code: "poultry",
	maxstacksize: 64,
	attributes: {
		inContainerTexture: { base: "block/wood/barrel/{type}-poultry" },
		inFirePitProps: {
			transform: {
				scale: 0.85,
				origin: { x: 0.5, y: 0.0625, z: 0.5 },
				translation: { x: -0.03125, y: 0.125, z: 0 },
				rotation: { x: 0, y: 0, z: 90 }
			},
			useFirepitModel: "Cooking"
		},
		nutritionPropsWhenInMeal: { satiety: 375, foodcategory: "Protein" }
	},
	variantgroups: [
		{ code: "type", states: ["raw", "cooked", "cured" ] },
	],
	shape: { base: "item/food/meat/poultry" },
	textures: {
		"meat": {base: "item/food/meat/{type}" }
	},
	creativeinventory: { "general": ["*"], "items": ["*"] },
	nutritionPropsByType: {
		"*-cooked": { satiety: 400, foodcategory: "Protein" },
		"*-cured": { satiety: 300, foodcategory: "Protein" },
	},
	transitionablePropsByType: {
		"*-raw": [
			{
				type: "Perish",
				freshHours: { avg: 36 },
				transitionHours: { avg: 24 },
				transitionedStack: { type: "item", code: "rot" },
				transitionRatio: 1
			}
		],
		"*-cooked": [{
			type: "Perish",
			freshHours: { avg: 120 },
			transitionHours: { avg: 36 },
			transitionedStack: { type: "item", code: "rot" },
			transitionRatio: 1
		}],
		"*-cured": [{
			type: "Perish",
			freshHours: { avg: 8760 },
			spoilHours: { avg: 4380 },
			transitionedStack: { type: "item", code: "rot" },
			transitionRatio: 1
		}]
	},
	materialDensity: 600,
	guiTransformByType: {
		"*-cured": {
			rotate: false,
			translation: { x: 0.5, y: 0, z: 0 },
			rotation: { x: 171, y: -122, z: 28 },
			origin: { x: 0.5, y: 0.04, z: 0.53 },
			scale: 4.3
		},
		"*": {
			rotate: false,
			translation: { x: 0, y: 0, z: 0 },
			rotation: { x: 171, y: -122, z: 33 },
			origin: { x: 0.5, y: 0.04, z: 0.53 },
			scale: 4.7199
		}
	},
	fpHandTransform: {
		translation: { x: -0.06, y: 0.36, z: 0.23 },
		rotation: { x: 86, y: -83, z: 24 },
		origin: { x: 0.5, y: 0.1, z: 0.5 },
		scale: 2.5
	},
	tpHandTransform: {
		translation: { x: 0, y: 0, z: 0 },
		rotation: { x: 5, y: 41, z: -31 },
		origin: { x: 0.23, y: 0, z: 0.13 },
		scale: 0.75
	},
	groundTransform: {
		translation: { x: 0, y: 0, z: 0 },
		rotation: { x: 180, y: 33, z: -180 },
		origin: { x: 0.5, y: 0, z: 0.5 },
		scale: 5
	},
	combustiblePropsByType: {
		"poultry-raw": {
			meltingPoint: 150,
			meltingDuration: 30,
			smeltedRatio: 1,
			smeltingType: "cook",
			smeltedStack: { type: "item", code: "poultry-cooked" },
			requiresContainer: false
		}
	}
}