{
	code: "redmeat",
	maxstacksize: 64,
	attributes: {
		inContainerTexture: { base: "block/wood/barrel/{type}-redmeat" },
		inFirePitProps: {
			transform: {
				scale: 0.85,
				origin: { x: 0.5, y: 0.0625, z: 0.5 },
				translation: { x: -0.03125, y: 0.0625, z: 0.046875 },
				rotation: { x: 0, y: 0, z: 90 }
			},
			useFirepitModel: "Cooking"
		},
		nutritionPropsWhenInMeal: { satiety: 840, foodcategory: "Protein" }
	},
	variantgroups: [
		{ code: "type", states: ["raw", "cooked", "vintage", "cured" ] },
	],
	shapebytype: { 
		"redmeat-vintage": { base: "item/empty", voxelizeTexture: true },
		"*": { base: "item/food/meat/red" },
	},
	texturesbytype: {
		"redmeat-raw": { 
			"meat": {base: "item/food/meat/raw" }
		},
		"redmeat-cooked":  { 
			"meat": {base: "item/food/meat/cooked" }
		},
		"redmeat-cured":  { 
			"meat": {base: "item/food/meat/cured" }
		},
		"redmeat-vintage": {
			"item/empty":  { base: "item/food/meat/vintage" }
		}
	},
	creativeinventory: { "general": ["*"], "items": ["*"] },
	nutritionPropsByType: {
		"redmeat-cooked": { satiety: 560, health: 0, foodcategory: "Protein" },
		"redmeat-cured": { satiety: 400, health: 0, foodcategory: "Protein" },
		"redmeat-vintage": { satiety: 560, health: 2, foodcategory: "Protein" },
	},
	transitionablePropsByType: {
		"*-raw": [
			{
				type: "Perish",
				freshHours: { avg: 36 },
				transitionHours: { avg: 24 },
				transitionedStack: { type: "item", code: "rot" },
				transitionRatio: 1
			}
		],
		"*-cooked": [{
			type: "Perish",
			freshHours: { avg: 120 },
			spoilHours: { avg: 36 },
			transitionedStack: { type: "item", code: "rot" },
			transitionRatio: 1
		}],
		"*-cured": [{
			type: "Perish",
			freshHours: { avg: 8760 },
			spoilHours: { avg: 4380 },
			transitionedStack: { type: "item", code: "rot" },
			transitionRatio: 1
		}]
	},
	materialDensity: 600,
	tpHandTransform: {
		translation: { x: 0, y: 0, z: 0 },
		rotation: { x: 5, y: 41, z: -31 },
		origin: { x: 0.23, y: 0, z: 0.13 },
		scale: 0.75
	},
	guiTransformByType: {
		"*-vintage": {
			rotate: false,
			translation: { x: 1, y: 0, z: 0 },
			rotation: { x: -1, y: -4, z: 0 },
			origin: { x: 0.54, y: 0.6, z: 0 },
			scale: 1.5
		},
		"*-cured": {
			rotate: false,
			translation: { x: 0.5, y: 0, z: 0 },
			rotation: { x: 171, y: -122, z: 28 },
			origin: { x: 0.4, y: 0.08, z: 0.5 },
			scale: 4.3
		},		
		"*": {
			rotate: false,
			translation: { x: 0.5, y: 0, z: 0 },
			rotation: { x: 171, y: -122, z: 33 },
			origin: { x: 0.4, y: 0.08, z: 0.5 },
			scale: 4.72
		}
	},
	groundTransformByType: {
		"*-vintage": {
			translation: { x: 0, y: 0, z: 0 },
			rotation: { x: -90, y: 77, z: -180 },
			origin: { x: 0.5, y: 0, z: 0.5 },
			scale: 2
		},
		"*": {
			translation: { x: 0, y: 0, z: 0 },
			rotation: { x: 180, y: 33, z: -180 },
			origin: { x: 0.5, y: 0, z: 0.5 },
			scale: 5
		}
	},
	fpHandTransformByType: {
		"*-vintage": {
			translation: { x: 0, y: 0, z: 0 },
			rotation: { x: -10, y: 99, z: 52 },
			origin: { x: 0.6, y: 0, z: 0.2 },
			scale: 1.17
		},
		"*": {
			translation: { x: -0.06, y: 0.36, z: 0.23 },
			rotation: { x: 40, y: 91, z: 15 },
			origin: { x: 0.5, y: 0.1, z: 0.5 },
			scale: 2.5
		}
	},
	combustiblePropsByType: {
		"redmeat-raw": {
			meltingPoint: 150,
			meltingDuration: 30,
			smeltedRatio: 1,
			smeltingType: "cook",
			smeltedStack: { type: "item", code: "redmeat-cooked" },
			requiresContainer: false
		}
	}
}