{
	code: "vegetable",
	maxstacksize: 64,
	attributesByType: {
		"*-cookedcattailroot": {},
		"*-cabbage": {
			inContainerTexture: { base: "block/wood/barrel/raw-{type}" },
			nutritionPropsWhenInMeal: { satiety: 450, foodcategory: "Vegetable" }
		},
		"*-pumpkin": {
			inContainerTexture: { base: "block/wood/barrel/raw-{type}" },
			nutritionPropsWhenInMeal: { satiety: 180, foodcategory: "Vegetable" },
			handbook:{ 				
				extraSections: [
					{ title: "handbook-item-sources", text: "Place a pumpkin down on the ground, break with a knife to get 4 slices of pumpkin and 2 seeds." }
					]

		},
		},
		"*": {
			inContainerTexture: { base: "block/wood/barrel/raw-{type}" },
			nutritionPropsWhenInMeal: { satiety: 150, foodcategory: "Vegetable" }
		}
	},
	variantgroups: [
		{ code: "type", states: ["carrot", "cabbage", "onion", "turnip", "parsnip", "cookedcattailroot", "pumpkin" ] },
	],
	shapebytype: {
		"*-cabbage": { base: "item/food/vegetable/cabbage" },
		"*-carrot": { base: "item/food/vegetable/carrot" },
		"*-onion": { base: "item/food/vegetable/onion" },
		"*-parsnip": { base: "item/food/vegetable/parsnip" },
		"*-turnip": { base: "item/food/vegetable/turnip" },
		"*-pumpkin": { base: "item/food/vegetable/pumpkin" }
	},
	texturebytype: {
		"*-cookedcattailroot": {  base: "item/food/vegetable/cookedcattailroot" }
	},
	creativeinventory: { "general": ["*"], "items": ["*"] },
	nutritionPropsByType: {
		"*-cabbage": { satiety: 600, foodcategory: "Vegetable" },
		"*-pumpkin": { satiety: 240, foodcategory: "Vegetable" },
		"*": { satiety: 200, foodcategory: "Vegetable" },
	},
	transitionablePropsByType: {
		"*-pumpkin": [{
			type: "Perish",
			freshHours: { avg: 216 },
			transitionHours: { avg: 72 },
			transitionedStack: { type: "item", code: "rot" },
			transitionRatio: 0.55
		}],
		"*-onion": [{
			type: "Perish",
			freshHours: { avg: 672 },
			transitionHours: { avg: 120 },
			transitionedStack: { type: "item", code: "rot" },
			transitionRatio: 0.5
		}],
		"*-cookedcattailroot": [{
			type: "Perish",
			freshHours: { avg: 48 },
			transitionHours: { avg: 18 },
			transitionedStack: { type: "item", code: "rot" },
			transitionRatio: 0.5
		}],
		"*": [{
			type: "Perish",
			freshHours: { avg:  504 },
			transitionHours: { avg: 96 },
			transitionedStack: { type: "item", code: "rot" },
			transitionRatio: 0.5
		}]
	},
	materialDensity: 600,
	guiTransformByType: {
		"*-cabbage": {
			translation: { x: 2.5, y: 1, z: 0 },
			rotation: { x: 137, y: 131, z: 0 },
			origin: { x: 0.5, y: 0.2, z: 0.5 },
			scale: 2.6
		},
		"*-carrot": {
			translation: { x: 2, y: 1, z: 0 },
			rotation: { x: 180, y: 44, z: 56 },
			origin: { x: 0.5, y: 0.26, z: 0.5 },
			scale: 4.4
		},
		"*-onion": {
			translation: { x: 0, y: 0, z: 0 },
			rotation: { x: -37, y: 135, z: -155 },
			origin: { x: 0.5, y: 0.15, z: 0.5 },
			scale: 4.85
		},
		"*-parsnip": {
			translation: { x: 0, y: 0, z: 0 },
			rotation: { x: 180, y: 43, z: 52 },
			origin: { x: 0.5, y: 0.3, z: 0.5 },
			scale: 4.44
		},
		"*-turnip": {
			translation: { x: 2, y: 2, z: 0 },
			rotation: { x: 180, y: 158, z: 38 },
			origin: { x: 0.5, y: 0.23, z: 0.5 },
			scale: 3.6
		},
		"*-pumpkin": {
			translation: { x: 2, y: 2, z: 0 },
			rotation: { x: 127, y: 180, z: 38 },
			origin: { x: 0.5, y: 0.05, z: 0.5 },
			scale: 3.5999
		}
	},
	fpHandTransformByType: {
		"*-cabbage": {
			translation: { x: 0, y: 0, z: 0 },
			rotation: { x: 51, y: 90, z: -30 },
			scale: 1.9
		},
		"*-carrot": {
			translation: { x: 0, y: 0, z: 0 },
			rotation: { x: 45, y: 47, z: -30 },
			origin: { x: 0.5, y: 0.3, z: 0.5 },
			scale: 1.9
		},
		"*-onion": {
			translation: { x: 0, y: 0, z: 0 },
			rotation: { x: 45, y: 47, z: -30 },
			origin: { x: 0.5, y: 0.3, z: 0.5 },
			scale: 1.9
		},
		"*-parsnip": {
			translation: { x: 0, y: 0, z: 0 },
			rotation: { x: 45, y: 47, z: -30 },
			origin: { x: 0.5, y: 0.3, z: 0.5 },
			scale: 1.9
		},
		"*-turnip":	{
			translation: { x: 0, y: 0, z: 0 },
			rotation: { x: 45, y: 47, z: -30 },
			origin: { x: 0.5, y: 0.3, z: 0.5 },
			scale: 1.9
		},
		"*-pumpkin":	{
			translation: { x: 0, y: 0.22, z: 0 },
			rotation: { x: 45, y: 47, z: -30 },
			origin: { x: 0.5, y: 0.1, z: 0.5 },
			scale: 1.8999
		}
	},
	tpHandTransformByType: {
		"*-cabbage": {
			translation: { x: -0.7, y: -0.14, z: -0.6 },
			rotation: { x: 1, y: -1, z: -31 },
			origin: { x: 0.5, y: 0.1, z: 0.5 },
			scale: 0.79
		},
		"*-carrot": {
			translation: { x: -0.6, y: -0.18, z: -0.6 },
			rotation: { x: 0, y: 0, z: -42 },
			origin: { x: 0.5, y: 0.1, z: 0.5 },
			scale: 0.8
		},
		"*-onion": {
			translation: { x: -0.6, y: -0.18, z: -0.6 },
			rotation: { x: 0, y: 0, z: -42 },
			origin: { x: 0.5, y: 0.1, z: 0.5 },
			scale: 0.8
		},
		"*-parsnip": {
			translation: { x: -0.6, y: -0.18, z: -0.6 },
			rotation: { x: 0, y: 0, z: -42 },
			origin: { x: 0.5, y: 0.1, z: 0.5 },
			scale: 0.8
		},
		"*-turnip": {
			translation: { x: -0.6, y: -0.18, z: -0.6 },
			rotation: { x: 0, y: 0, z: -42 },
			origin: { x: 0.5, y: 0.1, z: 0.5 },
			scale: 0.8
		},
		"*-pumpkin": {
			translation: { x: -0.75, y: -0.13, z: -0.71 },
			rotation: { x: 45, y: -42, z: -65 },
			origin: { x: 0.5, y: 0.1, z: 0.5 },
			scale: 0.75
		}
		
	},
	groundTransformByType: {
		"*-cabbage": {
			translation: { x: 0, y: 0, z: 0 },
			rotation: { x: 0, y: 0, z: 0 },
			origin: { x: 0.5, y: 0, z: 0.5 },
			scale: 3.5
		},
		"*-carrot": {
			translation: { x: 0, y: 0, z: 0 },
			rotation: { x: 0, y: 0, z: 83 },
			origin: { x: 0.47, y: 0, z: 0.5 },
			scale: 4.3
		},
		"*-onion": {
			translation: { x: 0, y: 0, z: 0 },
			rotation: { x: 0, y: 0, z: 83 },
			origin: { x: 0.47, y: 0, z: 0.5 },
			scale: 4.3
		},
		"*-parsnip": {
			translation: { x: 0, y: 0, z: 0 },
			rotation: { x: 0, y: 0, z: 83 },
			origin: { x: 0.47, y: 0, z: 0.5 },
			scale: 4.3
		},
		"*-turnip": {
			translation: { x: 0, y: 0, z: 0 },
			rotation: { x: 0, y: 0, z: 75 },
			origin: { x: 0.47, y: 0, z: 0.5 },
			scale: 3.8
		},
		"*-pumpkin": {
			translation: { x: 0, y: 0, z: 0 },
			rotation: { x: 0, y: 0, z: 75 },
			origin: { x: 0.47, y: 0, z: 0.5 },
			scale: 3.8
		}
	}
}