[
 {
    "Mode": "Swap",
    "Takes": {
		"Code": "game:bowl-blue-burned",
        "Type": "Block",        
		"Remove": true	
    },
    "Tool": {
        "Code": "game:fat",
        "Type": "Item",
		"StackSize": 1
    },
    "Makes": [{
        "Code": "game:bowl-fat-blue",
        "Type": "Block",
        "StackSize": 1
    }],
    "IsTool": false,
    "CraftSound": "sounds/block/planks",
    "Disabled": false
 },
 {
    "Mode": "Swap",
    "Takes": {
		"Code": "game:bowl-brown-burned",
        "Type": "Block",        
		"Remove": true	
    },
    "Tool": {
        "Code": "game:fat",
        "Type": "Item",
		"StackSize": 1		
    },
    "Makes": [{
        "Code": "game:bowl-fat-brown",
        "Type": "Block",
        "StackSize": 1
    }],
    "IsTool": false,
    "CraftSound": "sounds/block/planks",
    "Disabled": false
 },
 {
    "Mode": "Swap",
    "Takes": {
		"Code": "game:bowl-red-burned",
        "Type": "Block",        
		"Remove": true	
    },
    "Tool": {
        "Code": "game:fat",
        "Type": "Item",
		"StackSize": 1
    },
    "Makes": [{
        "Code": "game:bowl-fat-red",
        "Type": "Block",
        "StackSize": 1
    }],
    "IsTool": false,
    "CraftSound": "sounds/block/planks",
    "Disabled": false
 },
{
    "Mode": "Swap",
    "Takes": {
		"Code": "game:bowl-fire-burned",
        "Type": "Block",        
		"Remove": true	
    },
    "Tool": {
        "Code": "game:fat",
        "Type": "Item",
		"StackSize": 1
    },
    "Makes": [{
        "Code": "game:bowl-fat-fire",
        "Type": "Block",
        "StackSize": 1
    }],
    "IsTool": false,
    "CraftSound": "sounds/block/planks",
    "Disabled": false
 }, 
]