[ 
 {
    "Mode": "Create",
    "Takes": {
		"Code": "game:log-placed-aged-ud",
        "Type": "Block",		
		"Remove": true	
    },
    "Tool": {
        "Code": "game:axe-*",
        "Type": "Item",				
    },
    "Makes": [{
        "Code": "neolithicmod:halflog-aged-ud",
        "Type": "Block",		
        "StackSize": 2
    }],
    "IsTool": true,
    "CraftSound": "sounds/block/planks",
    "Disabled": false
 },  
  {
    "Mode": "Create",
    "Takes": {
		"Code": "game:log-placed-acacia-ud",
        "Type": "Block",		
		"Remove": true	
    },
    "Tool": {
        "Code": "game:axe-*",
        "Type": "Item",				
    },
    "Makes": [{
        "Code": "neolithicmod:halflog-acacia-ud",
        "Type": "Block",		
        "StackSize": 2
    }],
    "IsTool": true,
    "CraftSound": "sounds/block/planks",
    "Disabled": false
 },
 {
    "Mode": "Create",
    "Takes": {
		"Code": "game:log-placed-birch-ud",
        "Type": "Block",		
		"Remove": true	
    },
    "Tool": {
        "Code": "game:axe-*",
        "Type": "Item",				
    },
    "Makes": [{
        "Code": "neolithicmod:halflog-birch-ud",
        "Type": "Block",		
        "StackSize": 2
    }],
    "IsTool": true,
    "CraftSound": "sounds/block/planks",
    "Disabled": false
 },
 {
    "Mode": "Create",
    "Takes": {
		"Code": "game:log-placed-kapok-ud",
        "Type": "Block",		
		"Remove": true	
    },
    "Tool": {
        "Code": "game:axe-*",
        "Type": "Item",				
    },
    "Makes": [{
        "Code": "neolithicmod:halflog-kapok-ud",
        "Type": "Block",		
        "StackSize": 2
    }],
    "IsTool": true,
    "CraftSound": "sounds/block/planks",
    "Disabled": false
 },
 {
    "Mode": "Create",
    "Takes": {
		"Code": "game:log-placed-maple-ud",
        "Type": "Block",		
		"Remove": true	
    },
    "Tool": {
        "Code": "game:axe-*",
        "Type": "Item",				
    },
    "Makes": [{
        "Code": "neolithicmod:halflog-maple-ud",
        "Type": "Block",		
        "StackSize": 2
    }],
    "IsTool": true,
    "CraftSound": "sounds/block/planks",
    "Disabled": false
 },
 {
    "Mode": "Create",
    "Takes": {
		"Code": "game:log-placed-oak-ud",
        "Type": "Block",		
		"Remove": true	
    },
    "Tool": {
        "Code": "game:axe-*",
        "Type": "Item",				
    },
    "Makes": [{
        "Code": "neolithicmod:halflog-oak-ud",
        "Type": "Block",		
        "StackSize": 2
    }],
    "IsTool": true,
    "CraftSound": "sounds/block/planks",
    "Disabled": false
 },
 {
    "Mode": "Create",
    "Takes": {
		"Code": "game:log-placed-pine-ud",
        "Type": "Block",		
		"Remove": true	
    },
    "Tool": {
        "Code": "game:axe-*",
        "Type": "Item",				
    },
    "Makes": [{
        "Code": "neolithicmod:halflog-pine-ud",
        "Type": "Block",		
        "StackSize": 2
    }],
    "IsTool": true,
    "CraftSound": "sounds/block/planks",
    "Disabled": false
 }, 
]