[ 
 {
    "Mode": "Swap",
    "Takes": {
		"Code": "neolithicmod:panel-bamboo-brown-*",
        "Type": "Block",		
		"Remove": true	
    },
    "Tool": {
        "Code": "game:bamboostakes-brown",
        "Type": "Block",
		"StackSize": 3		
    },
    "Makes": [{
        "Code": "neolithicmod:planks-bamboo-brown",
        "Type": "Block",		
        "StackSize": 1
    }],
    "IsTool": false,
    "CraftSound": "sounds/block/planks",
    "Disabled": false
 },  
  {
    "Mode": "Swap",
    "Takes": {
		"Code": "neolithicmod:panel-bamboo-green-*",
        "Type": "Block",		
		"Remove": true	
    },
    "Tool": {
        "Code": "game:bamboostakes-green",
        "Type": "Block",
		"StackSize": 3		
    },
    "Makes": [{
        "Code": "neolithicmod:planks-bamboo-green",
        "Type": "Block",		
        "StackSize": 1
    }],
    "IsTool": false,
    "CraftSound": "sounds/block/planks",
    "Disabled": false
 },   
]