[ 
 {
    "Mode": "Swap",
    "Takes": {
		"Code": "neolithicmod:branch-cordage-very-thin-*-debarked-leatherstrips-ud",
        "Type": "Block",		
		"Remove": true	
    },
    "Tool": {
        "Code": "neolithicmod:branch-very-thin-*-debarked-ud",
        "Type": "Item",
		"StackSize": 4		
    },
    "Makes": [{
        "Code": "neolithicmod:scaffolding",
        "Type": "Block",		
        "StackSize": 1
    }],
    "IsTool": false,
    "CraftSound": "sounds/block/planks",
    "Disabled": false
 },  
     
]