{
	code: "wolf-pup",
	class: "EntityAgent",
	hitboxSize: { x: 1.0, y: 0.5 },
	eyeHeight: 0.4,
	variantgroups: [
		{ code: "color", states: ["ashgrey", "black", "brown", "darkgrey", "gold", "grey", "silver", "smokegrey","white"] }],
	drops: [
		
	],
	client: {
		renderer: "Shape",
		shape: { base: "entity/land/wolf/pup" },
		texture: { base: "entity/wolf/pup/{color}" },
		behaviors: [
			{ code: "repulseagents" }, 
			{ code: "controlledphysics", stepHeight: 1.0001 }, 
			{ code: "interpolateposition" },
		],
		animations: [
			{
				code: "hurt",
				animation: "hurt", 
				animationSpeed: 2.2,
				weight: 10,
				blendMode: "AddAverage" 
			},
		]
	},
	server: {
		behaviors: [
			{ code: "repulseagents" }, 
			{ code: "controlledphysics", stepHeight: 1.0001 },
			{ code: "despawn", minPlayerDistance: 8, belowLightLevel: 8, minSeconds: 300 },
			{ code: "health", currenthealth: 5, maxhealth: 5 },
			{ code: "breathe" },
			{ 
				code: "grow" ,
				hoursToGrow: 336,
				adultEntityCodesByType: {
					"wolf-pup-ashgrey": ["wolf-male-ashgrey", "wolf-female-ashgrey"],
					"wolf-pup-black": ["wolf-male-black", "wolf-female-black"],
					"wolf-pup-brown": ["wolf-male-brown", "wolf-female-brown"],
					"wolf-pup-darkgrey": ["wolf-male-darkgrey", "wolf-female-darkgrey"],
					"wolf-pup-gold": ["wolf-male-gold", "wolf-female-gold"],
					"wolf-pup-grey": ["wolf-male-grey", "wolf-female-grey"],
					"wolf-pup-silver": ["wolf-male-silver", "wolf-female-silver"],
					"wolf-pup-smokegrey": ["wolf-male-smokegrey", "wolf-female-smokegrey"],
					"wolf-pup-white": ["wolf-male-white", "wolf-female-white"],
					}
			},
			{ 
				code: "taskai",
				aitasks: [
					{
						code: "fleeentity",
						entityCodes: ["player"],
						priority: 1.7,
						movespeed: 0.02,
						animationSpeed: 2.2,
						seekingRange: 5,
						animation: "Run",
						sound: "creature/wolf/wolf-pup-bark"
					},
					{
						code: "sleep",
						priority: 1.6,
						priorityForCancel: 1.35,
						animation: "sleep",
						isnocturnal: true,
						cancelOnHurt: true,
						animationSpeed: 0.20,
					},
					{
						code: "fleeentity",
						entityCodes: ["player"],
						priority: 1.5,
						movespeed: 0.02,
						animationSpeed: 2.2,
						seekingRange: 6,
						animation: "Run",
						sound: "creature/wolf/pup-bark"
					},
					{
						code: "getoutofwater",
						priority: 1.45,
						movespeed: 0.015,
						animation: "Walk",
						animationSpeed: 2.2
					},
					{
						code: "stayclosetoentity",
						priority: 1.4,
						entityCode: "wolf-female",
						movespeed: 0.02,
						animationSpeed: 3,
						maxDistance: 5,
						searchRange: 25,
						animation: "Run"
					},
					{
						code: "idle",
						priority: 1.3,
						priorityForCancel: 1.35,
						minduration: 2500,
						maxduration: 2500,
						mincooldown: 10000,
						maxcooldown: 50000,
						animation: "Sniff",
						animationSpeed: 0.8,
					},
					{
						code: "idle",
						priority: 1.31,
						priorityForCancel: 1.35,
						minduration: 1500,
						maxduration: 1500,
						mincooldown: 50000,
						maxcooldown: 300000,
						animation: "Howl",
						animationSpeed: 0.8,
						sound: "creature/wolf/pup-howl"
					},
					{
						code: "idle",
						priority: 1.32,
						priorityForCancel: 1.35,
						minduration: 2830,
						maxduration: 2830,
						mincooldown: 80000,
						maxcooldown: 200000,
						animation: "Flop",
						sound: "creature/wolf/pup-flop"
					},
					{
						code: "wander", 
						priority: 1.0, 
						priorityForCancel: 1.35,
						movespeed: 0.004,
						animationSpeed: 2,
						animation: "Walk",
						preferredLightLevel: 18
					},
					{ 
						code: "lookaround", 
						priority: 0.5
					}
				]
			}
		]
	},
	sounds: {
		hurt: "creature/wolf/pup-hurt",
		death: "creature/wolf/pup-hurt",
		idle: "creature/wolf/pup-bark"
	},
	idleSoundChance: 0.01
}