{
	code: "wolf-female",
	class: "EntityAgent",
	hitboxSize: { x: 1.2, y: 1 },
	eyeHeight: 0.9,
	variantgroups: [
		{ code: "color", states: ["ashgrey", "black", "brown", "darkgrey", "gold", "grey", "silver", "smokegrey","white"] }],
	drops: [
		{
			type: "block",
			code: "neolithicmod:dead-wolf-female-{color}",
		},
	],
	client: {
		renderer: "Shape",
		shape: { base: "entity/land/wolf/male" },
		texture: { base: "entity/wolf/{color}" },
		behaviors: [
			{ code: "repulseagents" }, 
			{ code: "controlledphysics", stepHeight: 1.0001 }, 
			{ code: "interpolateposition" },
		],
		animations: [
			{
				code: "hurt",
				animation: "hurt", 
				animationSpeed: 2.2,
				weight: 10,
				blendMode: "AddAverage" 
			},
		]
	},
	server: {
		behaviors: [
			{ code: "repulseagents" }, 
			{ code: "controlledphysics", stepHeight: 1.0001 },
			{ code: "despawn", minPlayerDistance: 8, belowLightLevel: 8, minSeconds: 300 },
			{ code: "health", currenthealth: 10, maxhealth: 10, },
			{ code: "breathe" },
			{ 
				code: "multiply",
				quantityPerDay: 0,
				spawnEntityCodeByType: {
					"*-ashgrey": "wolf-pup-ashgrey",
					"*-black": "wolf-pup-black",
					"*-brown": "wolf-pup-brown",
					"*-darkgrey": "wolf-pup-darkgrey",
					"*-gold": "wolf-pup-gold",
					"*-grey": "wolf-pup-grey",
					"*-silver": "wolf-pup-silver",
					"*-smokegrey": "wolf-pup-smokegrey",
					"*-white": "wolf-pup-white"
				},
				growthCapQuantity: 10,
				growthCapRange: 15,
				growthCapEntityCodes: ["wolf-pup-*", "wolf-female-*", "wolf-male-*"],
				requiresNearbyEntityCode: "wolf-male-*",
				requiresNearbyEntityRange: 10
			},
			{ 
				code: "emotionstates",
				states: [
					{ code: "saturated", duration: 1200, chance: 1, slot: 0, prority: 1, accumType: "sum" },
					{ code: "aggressiveondamage", duration: 30, chance: 1, slot: 0, prority: 2, accumType: "noaccum" },
				],
			},
			{ 
				code: "taskai",
				aitasks: [
					{
						code: "meleeattack",
						entityCodes: ["player", "chicken-rooster", "chicken-hen", "chicken-baby"],
						priority: 2,
						damage: 8,
						slot: 1,
						mincooldown: 1500, 
						maxcooldown: 1500, 
						attackDurationMs: 800,
						damagePlayerAtMs: 500,
						animation: "Attack",
						animationSpeed: 2.5,
						sound: "creature/wolf/attack"
					},
					{
						code: "seekentity",
						entityCodes: ["player"],
						priority: 1.9,
						movespeed: 0.021,
						seekingRange: 5,
						animation: "Run",
						animationSpeed: 1.5,
						sound: "creature/wolf/wolf-growl",
						whenNotInEmotionState: "saturated"
					},
					{
                        code: "neolithicseekfoodandeat",
                        priority: 1.85,
                        eatSound: "player/eat",
                        eatTime: 7,
                        movespeed: 0.02,
                        animation: "Walk",
                        animationSpeed: 1.0,
                        eatanimation: "Eat",
                        eatanimationspeed: 1.0,
                        mincooldownHours: 1,
                        maxcooldownHours: 4,
                        doConsumePortion: true
                    },
					{
						code: "sleep",
						priority: 1.8,
						priorityForCancel: 1.35,
						animation: "sleep",
						isnocturnal: true,
						cancelOnHurt: true,
						animationSpeed: 0.20,
					},
					{
						code: "seekentity",
						entityCodes: ["player", "chicken-rooster", "chicken-hen", "chicken-baby"],
						priority: 1.5,
						movespeed: 0.021,
						seekingRange: 20,
						animation: "Run",
						animationSpeed: 1.5,
						sound: "creature/wolf/growl",
						whenNotInEmotionState: "saturated"
					},
					
					{
						code: "seekentity",
						entityCodes: ["player"],
						priority: 1.49,
						movespeed: 0.021,
						seekingRange: 20,
						animation: "Run",
						animationSpeed: 1.5,
						sound: "creature/wolf/growl",
						whenInEmotionState: "aggressiveondamage"
					},
					
					{
						code: "getoutofwater",
						priority: 1.4,
						movespeed: 0.015,
						animation: "Walk",
						animationSpeed: 2.2
					},
					{
						code: "stayclosetoentity",
						priority: 1.35,
						entityCode: "wolf-male",
						movespeed: 0.02,
						maxDistance: 10,
						searchRange: 25,
						animationSpeed: 1.5,
						animation: "Run"
					},
					{
						code: "idle",
						priority: 1.3,
						priorityForCancel: 1.35,
						minduration: 4680,
						maxduration: 4680,
						mincooldown: 80000,
						maxcooldown: 500000,
						animation: "Howl",
						animationSpeed: 0.25,
						sound: "creature/wolf/howl",
						soundRange: 110
					},
					{
						code: "idle",
						priority: 1.2,
						priorityForCancel: 1.35,
						minduration: 2500,
						maxduration: 2500,
						mincooldown: 6000,
						maxcooldown: 20000,
						animation: "Sniff",
						animationSpeed: 1.25
					},
					{
						code: "wander", 
						priority: 1.0, 
						priorityForCancel: 1.3,
						movespeed: 0.006,
						animation: "Walk",
						preferredLightLevel: 20
					},
					{ 
						code: "lookaround", 
						priority: 0.5
					}
				]
			}
		]
	},
	sounds: {
		hurt: "creature/wolf/hurt",
		death: "creature/wolf/hurt",
		idle: "creature/wolf/howl"
	},
	idleSoundChance: 0
}