{
	code: "hoe",
	class: "ItemHoe",
	attributes: {
		handbook: {
			groupBy: ["hoe-*"],
			extraSections: [
				{ title: "handbook-item-sources", text: "Obtained by <a href=\"handbook://craftinginfo-toolmaking\">Neolithic Tool Making</a>" }
			]
		}
	},
	variantgroups: [
		{ code: "stone", states: ["granite", "andesite", "basalt", "obsidian", "flint", "peridotite"] },		
		{ code: "shaft", states: ["acacia", "birch", "kapok", "maple", "oak", "pine", "bone"] },
		{ code: "cordage", states: ["rope", "sinew", "leatherstrips", ] },
	],
	damagedby: ["blockbreaking", "attacking"],
  heldTpHitAnimation: "breaktool",
  heldTpUseAnimation: "hoe",
	shapeByType: {
		"*-bone-*": {base: "item/tool/bone-hoe"},
		"*": {base: "item/tool/branch-hoe" },
		
	},
	texturesByType: {
		"*-bone-*": {
			"stone": { base: "item/tool/material/{stone}" },
			"shaft": { base: "block/bone" },
			"cordage": { base: "block/cordage/{cordage}" },
		},
		"*": {
			"stone": { base: "game:item/tool/material/{stone}" },
			"shaft": { base: "game:block/wood/debarked/{shaft}" },
			"cordage": { base: "block/cordage/{cordage}" },
		},		
	},
	tool: "hoe",
	miningspeedbytype: {
		"hoe-granite-*": {
			"soil": 2.2
		},
		"hoe-andesite-*": {
			"soil": 2.6
		},
		"hoe-peridotite-*": {
			"soil": 2.6
		},
		"hoe-basalt-*": {
			"soil": 3.2
		},
		"hoe-obsidian-*": {
			"soil": 3.6
		},
		"hoe-flint-*": {
			"soil": 3.6
		},
	},
	durabilitybytype: {
		"*-bone-granite-*": 150,
		"*-bone-andesite-*": 150,
		"*-bone-peridotite-*": 150,
		"*-bone-basalt-*": 150,
		"*-bone-obsidian-*": 200,
		"*-bone-flint-*": 180,
		"*-granite-*": 80,
		"*-andesite-*": 80,
		"*-peridotite-*": 80,
		"*-basalt-*": 80,
		"*-obsidian-*": 150,
		"*-flint-*": 120,
	},
	attackpowerbytype: {
		"*-granite-*": 1,
		"*-andesite-*": 1.25,
		"*-peridotite-*": 1.25,
		"*-basalt-*": 1.5,
		"*-obsidian-*": 1.5,
		"*-flint-*": 1.5,
	},
	creativeinventory: { "general": ["*"], "items": ["*"], "neolithicitems": ["*"] },
	fpHandTransform: {
		translation: { x: 0.046875, y: 0, z: 0 },
		rotation: { x: 15, y: 15, z: 90 },
		scale: 2.5
	},
	guiTransform: {
		translation: { x: 0, y: 2, z: 0 },
		rotation: { x: -133, y: -157, z: 132 },
		scale: 2.2,
		origin: { x: 0.5, y: 0.5, z: 0.5 }
	},
	groundTransform: {
		translation: { x: 0.046875, y: 0, z: 0 },
		rotation: { x: 0, y: 0, z: 0 },
		scale: 2.5
	},
	tpHandTransform: {
		translation: { x: -0.76, y: -0.5, z: -0.53 },
		rotation: { x: 90, y: 0, z: -10 },
		scale: 1
	}
}