{
	code: "sickle",
	damagedby: ["blockbreaking"],
	class: "ItemSickle",
	tool: "knife",
	variantgroups: [
		{ code: "stone", states: ["granite", "andesite", "basalt", "obsidian", "flint", "peridotite"] },		
		{ code: "shaft", states: ["acacia", "birch", "kapok", "maple", "oak", "pine", "bone"] },
		{ code: "cordage", states: ["rope", "sinew", "leatherstrips", ] },
	],
	attributes: {
		codePrefixes: ["crop", "tallgrass", "frostedtallgrass"],
		handbook: { 
		groupBy: ["sicle-*"],
extraSections: [
				{ title: "handbook-item-sources", text: "Obtained by <a href=\"handbook://craftinginfo-toolmaking\">Neolithic Tool Making</a>" }
			]		
			}
	},
	heldTpHitAnimation: "breaktool",
	shapeByType: {
		"*-bone-*": {base: "item/tool/bone-sickle"},
		"*": {base: "item/tool/branch-sickle" },
	},
	texturesByType: {
		"*-bone-*": {
			"stone": { base: "item/tool/material/{stone}" },
			"shaft": { base: "block/bone" },
			"cordage": { base: "block/cordage/{cordage}" },
		},
		"*": {
			"stone": { base: "game:item/tool/material/{stone}" },
			"shaft": { base: "game:block/wood/debarked/{shaft}" },
			"cordage": { base: "block/cordage/{cordage}" },
		},		
	},
	durabilitybytype: {
		"sickle-granite-bone-*": 200,
		"sickle-andesite-bone-*": 200,
		"sickle-peridotite-bone-*": 200,
		"sickle-basalt-bone-*": 200,
		"sickle-obsidian-bone-*": 300,
		"sickle-flint-bone-*": 250,
		"sickle-granite-*": 150,
		"sickle-andesite-*": 150,
		"sickle-peridotite-*": 150,
		"sickle-basalt-*": 150,
		"sickle-obsidian-*": 250,
		"sickle-flint-*": 200,
	},
	creativeinventory: { "general": ["*"], "items": ["*"], "neolithicitems": ["*"] },
	fpHandTransform: {
		translation: { x: 0.046875, y: 0, z: 0 },
		rotation: { x: 15, y: 15, z: 90 },
		scale: 2.5
	},
	guiTransform: {
		translation: { x: 0, y: 0, z: 0 },
		rotation: { x: 90, y: -51, z: 20 },
		origin: { x: 0.5, y: 0.8, z: 0.4 },
		scale: 1.45
	},
	groundTransform: {
		translation: { x: 0.046875, y: 0, z: 0 },
		rotation: { x: 0, y: 0, z: 0 },
		scale: 2.5
	},
	tpHandTransform: {
		translation: { x: -0.8, y: -0.54, z: -0.5 },
		rotation: { x: 0, y: 0, z: -10 },
		scale: 1
	}
}