{
	code: "slaughteringaxe",
	class: "ItemSlaughteringAxe",
	attributes: {
		handbook: {
			groupBy: ["slaughteringaxe-*"],
			extraSections: [
				{ title: "handbook-item-sources", text: "Obtained by <a href=\"handbook://craftinginfo-toolmaking\">Neolithic Tool Making</a>" }
			]
		}
	},
	variantgroups: [
		{ code: "stone", states: ["granite", "andesite", "basalt", "obsidian", "flint", "peridotite"] },		
		{ code: "shaft", states: ["acacia", "birch", "kapok", "maple", "oak", "pine", "bone"] },
		{ code: "cordage", states: ["rope", "sinew", "leatherstrips", ] },
	],
	tool: "axe",
	damagedby: ["blockbreaking", "attacking"],
	shapeByType: {
		"*-bone-*": { base: "item/tool/bone-slaughteringaxe" },
		"*": { base: "item/tool/branch-slaughteringaxe" },
	},
	heldTpHitAnimation: "axechop",
	texturesByType: {
		"*-bone-*": {
			"stone": { base: "item/tool/material32/{stone}*" },
			"shaft": { base: "block/bone" },
			"cordage": { base: "block/cordage/{cordage}" },
			"ribbon": { base: "block/ribbon"},
		},
		"*": {
			"stone": { base: "item/tool/material32/{stone}*" },
			"shaft": { base: "game:block/wood/debarked/{shaft}" },
			"cordage": { base: "block/cordage/{cordage}" },
			"ribbon": { base: "block/ribbon"},
		},		
	},
  durabilitybytype: {
		"*-granite-*": 150,
		"*-andesite-*": 150,
		"*-peridotite-*": 150,
		"*-basalt-*": 150,
		"*-obsidian-*": 200,
		"*-flint-*": 180,
	},
	attackRange: 2,
	creativeinventory: { "general": ["*"], "items": ["*"], "neolithicitems": ["*"] },
	fpHandTransform: {
		translation: { x: 0.1268, y: 0, z: 0 },
		rotation: { x: 16, y: -1, z: 92 },
		scale: 2.3599
	},
	guiTransform: {
		translation: { x: 5, y: 0, z: 0 },
		rotation: { x: -99, y: -138, z: -180 },
		origin: { x: 0.6, y: 0.45, z: 0.5 },
		scale: 1.77
	},
	groundTransform: {
		translation: { x: 0.0468, y: 0, z: 0 },
		rotation: { x: 1, y: 0, z: 0 },
		origin: { x: 0.5, y: 0.5, z: 0.5299 },
		scale: 4
	},
	tpHandTransform: {
		translation: { x: -0.85, y: -0.2, z: -0.523 },
		rotation: { x: 82, y: -40, z: 1 },
		scale: 1.02
	}
}