{
  code: "candlemold",
  classByType: {		
		"*-plain": "Block",
		"*-burned": "BlockToolMold",
	},
  variantgroups: [
    { code:"metal", states: [ "tinbronze", "bismuthbronze", "blackbronze", "copper" ] },
	{  code: "type",  states: [ "plain", "burned" ]  },
  ],
  blockmaterial: "Metal",
  behaviors: [
    { name: "UnstableFalling" },    
  ],
  entityClassByType: {
		"*-burned": "ToolMold",
	},
  attributesByType: {
		"*-burned": {
			handbook:{ 				
				extraSections: [
					{ title: "handbook-item-sources", text: "To make a wicked candle mold  you need to place sisal twine  over an empty candle mold " }
					]

			},			
			"requiredUnits": 100,
			"fillHeight": 4,
			"fillQuadsByLevel": [
				{ x1: 4, z1: 4, x2: 13, z2: 13 },
				{ x1: 4, z1: 4, x2: 13, z2: 13 },
				{ x1: 4, z1: 4, x2: 13, z2: 13 },
				{ x1: 4, z1: 4, x2: 13, z2: 13 },
			],	
			"drop": { type:"item", code: "candle-wax" , stacksize: 9, },
			"returnBlock": "game:candlemold-{metal}-plain",
		},
		"*-plain":{
			handbook:{ 				
				extraSections: [
					{ title: "handbook-item-sources", text: "To make an empty candle mold use clayforming to create a clay candlemold, and pour metal into it." }
					]

			},
		},
	},
  replaceable: 300,
  resistance: 0.75,
  creativeinventory: {   "general": [ "*" ],  },
  maxStackSize: 8,
  drawtype: "json",
  shapeByType: {
		"*-plain":{ base: "block/metal/candlemold" },
		"*-burned":{ base: "block/metal/candlemoldwick" }
	},
  texturesByType: {
		"*-plain": { 
		all: { base: "game:block/metal/ingot/{metal}" }
		},
		"*-burned": { 
			metal: { base: "game:block/metal/ingot/{metal}" },
			candle: { base: "block/candle" }
		}
	},
  lightAbsorption: 0,
  sideopaque: {
    all: false
  },
  sidesolid: {
    all: false
  },
  sounds: {
    walk: "walk/stone",
    place: "block/anvil1",
    break: "block/anvil2",
  },
  collisionbox: { x1: 0.1875,  y1: 0,  z1: 0.1875, x2: 0.8125, y2: 0.3125, z2: 0.8125  },
  selectionbox: { x1: 0.1875,  y1: 0,  z1: 0.1875, x2: 0.8125, y2: 0.3125, z2: 0.8125  },
  fpHandTransform: {  
	translation: {  x: 0.3, y: -0.4,  z: 0   },
    rotation: {  x: 15, y: 15,  z: 270   },
    scale: 1.5
  },
  guiTransform: {
    translation: {  x: 0, y: 3, z: 0  },
    origin: {  x: 0.5, y: 0.0625,  z: 0.5 },
    scale: 1.5
  },
  groundTransform: {
    translation: {  x: 0.046875, y: 0, z: 0    },
    rotation: {  x: 0, y: 0, z: 0  },
    scale: 1.5
  },
  tpHandTransform: {
    translation: {  x: -0.9, y: -0.1, z: -0.8   },
    rotation: {  x: 0, y: -56,  z: 0  },
    origin: {  x: 0.5,  y: 0.1, z: 0.5  },
    scale: 0.66
  }
}