{
	code: "lantern-base-candle-sides-glass",
	variantgroups: [
		{ code:"metal", states: ["copper", "brass", "blackbronze", "bismuth", "tinbronze", "bismuthbronze", "molybdochalkos", "silver", "gold"] },
	],
	creativeinventory: { "general": [""], "construction": [""] },
	shape: { base: "block/metal/lantern/lantern-base-candle-sides" },
	blockmaterial: "metal",
	drawtype: "json",
	textures: {
		"material": { base: "block/metal/lantern/{metal}" },
		"candle":  { base: "block/candle" },
		"lining":  { base: "block/transparent" },
		"quartz":  { base: "block/glass/quartz" },
		"material-deco": { base: "block/transparent" },
	},
	sideopaque: {
		all: false
	},
	sidesolid: {
		all: false
	},
	collisionbox: { x1: 0.25, y1: 0, z1: 0.25, x2: 0.75, y2: 0.0625, z2: 0.75 },
	selectionbox: { x1: 0.25, y1: 0, z1: 0.25, x2: 0.75, y2: 0.0625, z2: 0.75 },
	resistance: 3.5,
	maxStackSize: 32,
	materialDensity: 600,

}