{
	code: "lantern-base-candle-sides-glass-layer",
	variantgroups: [
		{ code:"metal", states: ["copper", "brass", "blackbronze", "bismuth", "tinbronze", "bismuthbronze", "molybdochalkos", "silver", "gold"] },
		{ code:"layer", states: [ "gold", "silver" ] },
	],
	creativeinventory: { "general": [""], "construction": [""] },
	shape: { base: "block/metal/lantern/lantern-base-candle-sides" },
	blockmaterial: "metal",
	drawtype: "json",
	textures: {
		"material": { base: "block/metal/lantern/{metal}" },
		"candle":  { base: "block/candle" },
		"lining":  { base: "block/metal/lantern/gold" },
		"quartz":  { base: "block/glass/quartz" },
		"material-deco": { base: "block/metal/lantern/{metal}-deco" }
	},
	sideopaque: {
		all: false
	},
	sidesolid: {
		all: false
	},
	collisionbox: { x1: 0.25, y1: 0, z1: 0.25, x2: 0.75, y2: 0.0625, z2: 0.75 },
	selectionbox: { x1: 0.25, y1: 0, z1: 0.25, x2: 0.75, y2: 0.0625, z2: 0.75 },
	resistance: 3.5,
	maxStackSize: 32,
	materialDensity: 600,

}