[ 
 {
    "Mode": "Swap",
    "Takes": {
		"Code": "neolithicmod:branch-cordage-medium-acacia-bark-*-we",
        "Type": "Block",		
		"Remove": true	
    },
    "Tool": {
        "Code": "neolithicmod:branch-medium-acacia-bark-ud",
        "Type": "Item",
		"StackSize": 4		
    },
    "Makes": [{
        "Code": "neolithicmod:logwall-wall-acacia-bark-down-north",
        "Type": "Block",		
        "StackSize": 1
    }],
    "IsTool": false,
    "CraftSound": "sounds/block/planks",
    "Disabled": false
 },  
  {
    "Mode": "Swap",
    "Takes": {
		"Code": "neolithicmod:branch-cordage-medium-acacia-debarked-*-we",
        "Type": "Block",		
		"Remove": true	
    },
    "Tool": {
        "Code": "neolithicmod:branch-medium-acacia-debarked-ud",
        "Type": "Item",
		"StackSize": 4		
    },
    "Makes": [{
        "Code": "neolithicmod:logwall-wall-acacia-debarked-down-north",
        "Type": "Block",		
        "StackSize": 1
    }],
    "IsTool": false,
    "CraftSound": "sounds/block/planks",
    "Disabled": false
 },
 {
    "Mode": "Swap",
    "Takes": {
		"Code": "neolithicmod:branch-cordage-medium-birch-bark-*-we",
        "Type": "Block",		
		"Remove": true	
    },
    "Tool": {
        "Code": "neolithicmod:branch-medium-birch-bark-ud",
        "Type": "Item",
		"StackSize": 4		
    },
    "Makes": [{
        "Code": "neolithicmod:logwall-wall-birch-bark-down-north",
        "Type": "Block",		
        "StackSize": 1
    }],
    "IsTool": false,
    "CraftSound": "sounds/block/planks",
    "Disabled": false
 },  
  {
    "Mode": "Swap",
    "Takes": {
		"Code": "neolithicmod:branch-cordage-medium-birch-debarked-*-we",
        "Type": "Block",		
		"Remove": true	
    },
    "Tool": {
        "Code": "neolithicmod:branch-medium-birch-debarked-ud",
        "Type": "Item",
		"StackSize": 4		
    },
    "Makes": [{
        "Code": "neolithicmod:logwall-wall-birch-debarked-down-north",
        "Type": "Block",		
        "StackSize": 1
    }],
    "IsTool": false,
    "CraftSound": "sounds/block/planks",
    "Disabled": false
 },
 {
    "Mode": "Swap",
    "Takes": {
		"Code": "neolithicmod:branch-cordage-medium-kapok-bark-*-we",
        "Type": "Block",		
		"Remove": true	
    },
    "Tool": {
        "Code": "neolithicmod:branch-medium-kapok-bark-ud",
        "Type": "Item",
		"StackSize": 4		
    },
    "Makes": [{
        "Code": "neolithicmod:logwall-wall-kapok-bark-down-north",
        "Type": "Block",		
        "StackSize": 1
    }],
    "IsTool": false,
    "CraftSound": "sounds/block/planks",
    "Disabled": false
 },  
  {
    "Mode": "Swap",
    "Takes": {
		"Code": "neolithicmod:branch-cordage-medium-kapok-debarked-*-we",
        "Type": "Block",		
		"Remove": true	
    },
    "Tool": {
        "Code": "neolithicmod:branch-medium-kapok-debarked-ud",
        "Type": "Item",
		"StackSize": 4		
    },
    "Makes": [{
        "Code": "neolithicmod:logwall-wall-kapok-debarked-down-north",
        "Type": "Block",		
        "StackSize": 1
    }],
    "IsTool": false,
    "CraftSound": "sounds/block/planks",
    "Disabled": false
 },
 {
    "Mode": "Swap",
    "Takes": {
		"Code": "neolithicmod:branch-cordage-medium-maple-bark-*-we",
        "Type": "Block",		
		"Remove": true	
    },
    "Tool": {
        "Code": "neolithicmod:branch-medium-maple-bark-ud",
        "Type": "Item",
		"StackSize": 4		
    },
    "Makes": [{
        "Code": "neolithicmod:logwall-wall-maple-bark-down-north",
        "Type": "Block",		
        "StackSize": 1
    }],
    "IsTool": false,
    "CraftSound": "sounds/block/planks",
    "Disabled": false
 },  
  {
    "Mode": "Swap",
    "Takes": {
		"Code": "neolithicmod:branch-cordage-medium-maple-debarked-*-we",
        "Type": "Block",		
		"Remove": true	
    },
    "Tool": {
        "Code": "neolithicmod:branch-medium-maple-debarked-ud",
        "Type": "Item",
		"StackSize": 4		
    },
    "Makes": [{
        "Code": "neolithicmod:logwall-wall-maple-debarked-down-north",
        "Type": "Block",		
        "StackSize": 1
    }],
    "IsTool": false,
    "CraftSound": "sounds/block/planks",
    "Disabled": false
 },
 {
    "Mode": "Swap",
    "Takes": {
		"Code": "neolithicmod:branch-cordage-medium-oak-bark-*-we",
        "Type": "Block",		
		"Remove": true	
    },
    "Tool": {
        "Code": "neolithicmod:branch-medium-oak-bark-ud",
        "Type": "Item",
		"StackSize": 4		
    },
    "Makes": [{
        "Code": "neolithicmod:logwall-wall-oak-bark-down-north",
        "Type": "Block",		
        "StackSize": 1
    }],
    "IsTool": false,
    "CraftSound": "sounds/block/planks",
    "Disabled": false
 },  
  {
    "Mode": "Swap",
    "Takes": {
		"Code": "neolithicmod:branch-cordage-medium-oak-debarked-*-we",
        "Type": "Block",		
		"Remove": true	
    },
    "Tool": {
        "Code": "neolithicmod:branch-medium-oak-debarked-ud",
        "Type": "Item",
		"StackSize": 4		
    },
    "Makes": [{
        "Code": "neolithicmod:logwall-wall-oak-debarked-down-north",
        "Type": "Block",		
        "StackSize": 1
    }],
    "IsTool": false,
    "CraftSound": "sounds/block/planks",
    "Disabled": false
 },
 {
    "Mode": "Swap",
    "Takes": {
		"Code": "neolithicmod:branch-cordage-medium-pine-bark-*-we",
        "Type": "Block",		
		"Remove": true	
    },
    "Tool": {
        "Code": "neolithicmod:branch-medium-pine-bark-ud",
        "Type": "Item",
		"StackSize": 4		
    },
    "Makes": [{
        "Code": "neolithicmod:logwall-wall-pine-bark-down-north",
        "Type": "Block",		
        "StackSize": 1
    }],
    "IsTool": false,
    "CraftSound": "sounds/block/planks",
    "Disabled": false
 },  
  {
    "Mode": "Swap",
    "Takes": {
		"Code": "neolithicmod:branch-cordage-medium-pine-debarked-*-we",
        "Type": "Block",		
		"Remove": true	
    },
    "Tool": {
        "Code": "neolithicmod:branch-medium-pine-debarked-ud",
        "Type": "Item",
		"StackSize": 4		
    },
    "Makes": [{
        "Code": "neolithicmod:logwall-wall-pine-debarked-down-north",
        "Type": "Block",		
        "StackSize": 1
    }],
    "IsTool": false,
    "CraftSound": "sounds/block/planks",
    "Disabled": false
 },
]