{
	code: "clayform",
	class: "BlockClayForm",
	entityClass: "ClayForm",
	shape: { base: "block/basic/invisible" },
	creativeinventory: { "general": [""], "decorative": [""] },
	blockmaterial: "Metal",
	replaceable: 100,
	resistance: 2,
	lightAbsorption: 0,
	textures: {
		"clayworkitem-blue": { base: "block/clay/blueclay" },
		"clayworkitem-fire": { base: "block/clay/fireclay" },
		"clayworkitem-red": { base: "block/clay/redclay" },
		"clayworkitem-brown": { base: "block/clay/brownclay" }
	},
	sidesolid: {
		all: false
	},
	sideopaque: {
		all: false
	},
	collisionbox:  { x1: 0, y1: 0, z1: 0, x2: 1, y2: 0.125, z2: 1 },
	selectionbox: { x1: 0, y1: 0, z1: 0, x2: 1, y2: 0.125, z2: 1 }
}