{
	code: "wateringcan",
	classByType: {
		"*-burned": "BlockWateringCan",
	},
	behaviors: [{name: "UnstableFalling"}, { name: "RightClickPickup"}, { name: "SneakPlacing"} ],
	variantgroups: [
		{ code:"color", states: ["blue", "brown", "fire", "red"] },
		{ code:"materialtype", states: ["raw", "burned"] },
	],
	entityClassByType: {
		"*-burned": "WateringCan",
	},
	combustiblePropsByType: {
		"*-raw": {
			meltingPoint: 600,
			meltingDuration: 45,
			smeltedRatio: 1,
			smeltingType: "bake",
			smeltedStack: { type: "block", code: "wateringcan-{color}-burned" },
			requiresContainer: false
		}
	},
	blockmaterial: "Ceramic",
	creativeinventory: { "general": ["*"], "construction": ["*"], "neolithicitems": ["*"] },
	replaceable: 1200,
	resistance: 1.5,
	maxStackSize: 1,
	liquidSelectable: 1,
	lightAbsorption: 0,
	texturesByType: {
		"*-raw": {  all: { base: "block/clay/{color}-raw" } },
		"*-burned": {  
			all: { base: "block/clay/wateringcan/{color}" },
			},
	},
	shape: { base: "block/clay/watering-can" },
	sounds: {
		walk: "walk/stone",
	},
	collisionbox: {
		x1: 0.25, y1: 0, z1: 0.25, x2: 0.75, y2: 0.75, z2: 0.75,
	},
	selectionbox: {
		x1: 0.25, y1: 0, z1: 0.25, x2: 0.75, y2: 0.75, z2: 0.75,
	},
	sideopaque: {
		all: false
	},
	sidesolid: {
		all: false
	},
	fpHandTransform: {
		rotation: { x: 0, y: -134, z: 0 },
		scale: 1.56
	},
	guiTransform: {
		origin: { x: 0.5, y: 0.35, z: 0.5 },
		scale: 1.87
	},
	tpHandTransform: {
		translation: { x: -0.97, y: -0.71, z: -0.71 },
		rotation: { x: 0, y: 180, z: 9 },
		origin: { x: 0.5, y: 0.3, z: 0.5 },
		scale: 0.65
	},
	groundTransform: {
		origin: { x: 0.5, y: 0, z: 0.5 },
		scale: 2.5
	}
}