[ 
 {
    "Mode": "Create",
    "Takes": {
		"Code": "neolithicmod:panel-aged-planks-*",
        "Type": "Block",		
		"Remove": true	
    },
    "Tool": {
        "Code": "game:saw-*",
        "Type": "Item",				
    },
    "Makes": [{
        "Code": "neolithicmod:halfpanel-aged-planks-down",
        "Type": "Block",		
        "StackSize": 2
    }],
    "IsTool": true,
    "CraftSound": "sounds/block/planks",
    "Disabled": false
 },  
  {
    "Mode": "Create",
    "Takes": {
		"Code": "neolithicmod:panel-acacia-planks-*",
        "Type": "Block",		
		"Remove": true	
    },
    "Tool": {
        "Code": "game:saw-*",
        "Type": "Item",				
    },
    "Makes": [{
        "Code": "neolithicmod:halfpanel-acacia-planks-down",
        "Type": "Block",		
        "StackSize": 2
    }],
    "IsTool": true,
    "CraftSound": "sounds/block/planks",
    "Disabled": false
 },
 {
    "Mode": "Create",
    "Takes": {
		"Code": "neolithicmod:panel-birch-planks-*",
        "Type": "Block",		
		"Remove": true	
    },
    "Tool": {
        "Code": "game:saw-*",
        "Type": "Item",				
    },
    "Makes": [{
        "Code": "neolithicmod:halfpanel-birch-planks-down",
        "Type": "Block",		
        "StackSize": 2
    }],
    "IsTool": true,
    "CraftSound": "sounds/block/planks",
    "Disabled": false
 },
{
    "Mode": "Create",
    "Takes": {
		"Code": "neolithicmod:panel-kapok-planks-*",
        "Type": "Block",		
		"Remove": true	
    },
    "Tool": {
        "Code": "game:saw-*",
        "Type": "Item",				
    },
    "Makes": [{
        "Code": "neolithicmod:halfpanel-kapok-planks-down",
        "Type": "Block",		
        "StackSize": 2
    }],
    "IsTool": true,
    "CraftSound": "sounds/block/planks",
    "Disabled": false
 },
 {
    "Mode": "Create",
    "Takes": {
		"Code": "neolithicmod:panel-maple-planks-*",
        "Type": "Block",		
		"Remove": true	
    },
    "Tool": {
        "Code": "game:saw-*",
        "Type": "Item",				
    },
    "Makes": [{
        "Code": "neolithicmod:halfpanel-maple-planks-down",
        "Type": "Block",		
        "StackSize": 2
    }],
    "IsTool": true,
    "CraftSound": "sounds/block/planks",
    "Disabled": false
 },
 {
    "Mode": "Create",
    "Takes": {
		"Code": "neolithicmod:panel-oaks-planks-*",
        "Type": "Block",		
		"Remove": true	
    },
    "Tool": {
        "Code": "game:saw-*",
        "Type": "Item",				
    },
    "Makes": [{
        "Code": "neolithicmod:halfpanel-oaks-planks-down",
        "Type": "Block",		
        "StackSize": 2
    }],
    "IsTool": true,
    "CraftSound": "sounds/block/planks",
    "Disabled": false
 },
 {
    "Mode": "Create",
    "Takes": {
		"Code": "neolithicmod:panel-pine-planks-*",
        "Type": "Block",		
		"Remove": true	
    },
    "Tool": {
        "Code": "game:saw-*",
        "Type": "Item",				
    },
    "Makes": [{
        "Code": "neolithicmod:halfpanel-pine-planks-down",
        "Type": "Block",		
        "StackSize": 2
    }],
    "IsTool": true,
    "CraftSound": "sounds/block/planks",
    "Disabled": false
 }, 
]