[ 
 {
    "Mode": "Create",
    "Takes": {
		"Code": "neolithicmod:panel-aged-debarked-*",
        "Type": "Block",		
		"Remove": true	
    },
    "Tool": {
        "Code": "game:saw-*",
        "Type": "Item",				
    },
    "Makes": [{
        "Code": "neolithicmod:halfpanel-aged-debarked-down",
        "Type": "Block",		
        "StackSize": 2
    }],
    "IsTool": true,
    "CraftSound": "sounds/block/planks",
    "Disabled": false
 },  
  {
    "Mode": "Create",
    "Takes": {
		"Code": "neolithicmod:panel-acacia-debarked-*",
        "Type": "Block",		
		"Remove": true	
    },
    "Tool": {
        "Code": "game:saw-*",
        "Type": "Item",				
    },
    "Makes": [{
        "Code": "neolithicmod:halfpanel-acacia-debarked-down",
        "Type": "Block",		
        "StackSize": 2
    }],
    "IsTool": true,
    "CraftSound": "sounds/block/planks",
    "Disabled": false
 },
 {
    "Mode": "Create",
    "Takes": {
		"Code": "neolithicmod:panel-birch-debarked-*",
        "Type": "Block",		
		"Remove": true	
    },
    "Tool": {
        "Code": "game:saw-*",
        "Type": "Item",				
    },
    "Makes": [{
        "Code": "neolithicmod:halfpanel-birch-debarked-down",
        "Type": "Block",		
        "StackSize": 2
    }],
    "IsTool": true,
    "CraftSound": "sounds/block/planks",
    "Disabled": false
 },
{
    "Mode": "Create",
    "Takes": {
		"Code": "neolithicmod:panel-kapok-debarked-*",
        "Type": "Block",		
		"Remove": true	
    },
    "Tool": {
        "Code": "game:saw-*",
        "Type": "Item",				
    },
    "Makes": [{
        "Code": "neolithicmod:halfpanel-kapok-debarked-down",
        "Type": "Block",		
        "StackSize": 2
    }],
    "IsTool": true,
    "CraftSound": "sounds/block/planks",
    "Disabled": false
 },
 {
    "Mode": "Create",
    "Takes": {
		"Code": "neolithicmod:panel-maple-debarked-*",
        "Type": "Block",		
		"Remove": true	
    },
    "Tool": {
        "Code": "game:saw-*",
        "Type": "Item",				
    },
    "Makes": [{
        "Code": "neolithicmod:halfpanel-maple-debarked-down",
        "Type": "Block",		
        "StackSize": 2
    }],
    "IsTool": true,
    "CraftSound": "sounds/block/planks",
    "Disabled": false
 },
 {
    "Mode": "Create",
    "Takes": {
		"Code": "neolithicmod:panel-oaks-debarked-*",
        "Type": "Block",		
		"Remove": true	
    },
    "Tool": {
        "Code": "game:saw-*",
        "Type": "Item",				
    },
    "Makes": [{
        "Code": "neolithicmod:halfpanel-oaks-debarked-down",
        "Type": "Block",		
        "StackSize": 2
    }],
    "IsTool": true,
    "CraftSound": "sounds/block/planks",
    "Disabled": false
 },
 {
    "Mode": "Create",
    "Takes": {
		"Code": "neolithicmod:panel-pine-debarked-*",
        "Type": "Block",		
		"Remove": true	
    },
    "Tool": {
        "Code": "game:saw-*",
        "Type": "Item",				
    },
    "Makes": [{
        "Code": "neolithicmod:halfpanel-pine-debarked-down",
        "Type": "Block",		
        "StackSize": 2
    }],
    "IsTool": true,
    "CraftSound": "sounds/block/planks",
    "Disabled": false
 }, 
]