[ 
 {
    "Mode": "Swap",
    "Takes": {
		"Code": "neolithicmod:branch-thin-acacia-bark-*",
        "Type": "Block",		
		"Remove": true	
    },
    "Tool": {
        "Code": "neolithicmod:animal-leatherstrips",
        "Type": "Item",
		"StackSize": 2
    },
    "Makes": [{
        "Code": "neolithicmod:branch-cordage-thin-acacia-bark-leatherstrips-ud",
        "Type": "Block",		
        "StackSize": 1
    }],
    "IsTool": false,
    "CraftSound": "sounds/block/planks",
    "Disabled": false
 },  
  {
    "Mode": "Swap",
    "Takes": {
		"Code": "neolithicmod:branch-thin-acacia-debarked-*",
        "Type": "Block",		
		"Remove": true	
    },
    "Tool": {
        "Code": "neolithicmod:animal-leatherstrips",
        "Type": "Item",
		"StackSize": 2
    },
    "Makes": [{
        "Code": "neolithicmod:branch-cordage-thin-acacia-debarked-leatherstrips-ud",
        "Type": "Block",		
        "StackSize": 1
    }],
    "IsTool": false,
    "CraftSound": "sounds/block/planks",
    "Disabled": false
 },
 {
    "Mode": "Swap",
    "Takes": {
		"Code": "neolithicmod:branch-thin-acacia-bark-*",
        "Type": "Block",		
		"Remove": true	
    },
    "Tool": {
        "Code": "neolithicmod:byproducts-sinew",
        "Type": "Item",
		"StackSize": 2
    },
    "Makes": [{
        "Code": "neolithicmod:branch-cordage-thin-acacia-bark-sinew-ud",
        "Type": "Block",		
        "StackSize": 1
    }],
    "IsTool": false,
    "CraftSound": "sounds/block/planks",
    "Disabled": false
 },  
  {
    "Mode": "Swap",
    "Takes": {
		"Code": "neolithicmod:branch-thin-acacia-debarked-*",
        "Type": "Block",		
		"Remove": true	
    },
    "Tool": {
        "Code": "neolithicmod:byproducts-sinew",
        "Type": "Item",
		"StackSize": 2
    },
    "Makes": [{
        "Code": "neolithicmod:branch-cordage-thin-acacia-debarked-sinew-ud",
        "Type": "Block",		
        "StackSize": 1
    }],
    "IsTool": false,
    "CraftSound": "sounds/block/planks",
    "Disabled": false
 },
 {
    "Mode": "Swap",
    "Takes": {
		"Code": "neolithicmod:branch-thin-acacia-bark-*",
        "Type": "Block",		
		"Remove": true	
    },
    "Tool": {
        "Code": "neolithicmod:sisal-twine",
        "Type": "Item",
		"StackSize": 2
    },
    "Makes": [{
        "Code": "neolithicmod:branch-cordage-thin-acacia-bark-sisal-ud",
        "Type": "Block",		
        "StackSize": 1
    }],
    "IsTool": false,
    "CraftSound": "sounds/block/planks",
    "Disabled": false
 },  
  {
    "Mode": "Swap",
    "Takes": {
		"Code": "neolithicmod:branch-thin-acacia-debarked-*",
        "Type": "Block",		
		"Remove": true	
    },
    "Tool": {
        "Code": "neolithicmod:sisal-twine",
        "Type": "Item",
		"StackSize": 2
    },
    "Makes": [{
        "Code": "neolithicmod:branch-cordage-thin-acacia-debarked-sisal-ud",
        "Type": "Block",		
        "StackSize": 1
    }],
    "IsTool": false,
    "CraftSound": "sounds/block/planks",
    "Disabled": false
 },
 {
    "Mode": "Swap",
    "Takes": {
		"Code": "neolithicmod:branch-thin-acacia-bark-*",
        "Type": "Block",		
		"Remove": true	
    },
    "Tool": {
        "Code": "game:reeds",
        "Type": "Item",
		"StackSize": 2
    },
    "Makes": [{
        "Code": "neolithicmod:branch-cordage-thin-acacia-bark-reeds-ud",
        "Type": "Block",		
        "StackSize": 1
    }],
    "IsTool": false,
    "CraftSound": "sounds/block/planks",
    "Disabled": false
 },  
  {
    "Mode": "Swap",
    "Takes": {
		"Code": "neolithicmod:branch-thin-acacia-debarked-*",
        "Type": "Block",		
		"Remove": true	
    },
    "Tool": {
        "Code": "game:reeds",
        "Type": "Item",
		"StackSize": 2
    },
    "Makes": [{
        "Code": "neolithicmod:branch-cordage-thin-acacia-debarked-reeds-ud",
        "Type": "Block",		
        "StackSize": 1
    }],
    "IsTool": false,
    "CraftSound": "sounds/block/planks",
    "Disabled": false
 }, 
]