[ 
 {
    "Mode": "Swap",
    "Takes": {
		"Code": "neolithicmod:branch-cordage-very-thin-acacia-bark-reeds-ud",
        "Type": "Block",        
		"Remove": true	
    },
    "Tool": {
        "Code": "neolithicmod:branch-very-thin-acacia-bark-*",
        "Type": "Block",
		"StackSize": 4		
    },
    "Makes": [{
        "Code": "neolithicmod:basket-frame-acacia-bark-reeds",
        "Type": "Block",        
    }],
    "IsTool": false,
    "CraftSound": "sounds/block/planks",
    "Disabled": false
 },
 {
    "Mode": "Swap",
    "Takes": {
		"Code": "neolithicmod:branch-cordage-very-thin-acacia-debarked-reeds-ud",
        "Type": "Block",        
		"Remove": true	
    },
    "Tool": {
        "Code": "neolithicmod:branch-very-thin-acacia-debarked-*",
        "Type": "Block",
		"StackSize": 4		
    },
    "Makes": [{
        "Code": "neolithicmod:basket-frame-acacia-debarked-reeds",
        "Type": "Block",        
    }],
    "IsTool": false,
    "CraftSound": "sounds/block/planks",
    "Disabled": false
 }, 
 {
    "Mode": "Swap",
    "Takes": {
		"Code": "neolithicmod:branch-cordage-very-thin-birch-bark-reeds-ud",
        "Type": "Block",        
		"Remove": true	
    },
    "Tool": {
        "Code": "neolithicmod:branch-very-thin-birch-bark-*",
        "Type": "Block",
		"StackSize": 4		
    },
    "Makes": [{
        "Code": "neolithicmod:basket-frame-birch-bark-reeds",
        "Type": "Block",        
    }],
    "IsTool": false,
    "CraftSound": "sounds/block/planks",
    "Disabled": false
 },
 {
    "Mode": "Swap",
    "Takes": {
		"Code": "neolithicmod:branch-cordage-very-thin-birch-debarked-reeds-ud",
        "Type": "Block",        
		"Remove": true	
    },
    "Tool": {
        "Code": "neolithicmod:branch-very-thin-birch-debarked-*",
        "Type": "Block",
		"StackSize": 4		
    },
    "Makes": [{
        "Code": "neolithicmod:basket-frame-birch-debarked-reeds",
        "Type": "Block",        
    }],
    "IsTool": false,
    "CraftSound": "sounds/block/planks",
    "Disabled": false
 },
 {
    "Mode": "Swap",
    "Takes": {
		"Code": "neolithicmod:branch-cordage-very-thin-kapok-bark-reeds-ud",
        "Type": "Block",        
		"Remove": true	
    },
    "Tool": {
        "Code": "neolithicmod:branch-very-thin-kapok-bark-*",
        "Type": "Block",
		"StackSize": 4		
    },
    "Makes": [{
        "Code": "neolithicmod:basket-frame-kapok-bark-reeds",
        "Type": "Block",        
    }],
    "IsTool": false,
    "CraftSound": "sounds/block/planks",
    "Disabled": false
 },
 {
    "Mode": "Swap",
    "Takes": {
		"Code": "neolithicmod:branch-cordage-very-thin-kapok-debarked-reeds-ud",
        "Type": "Block",        
		"Remove": true	
    },
    "Tool": {
        "Code": "neolithicmod:branch-very-thin-kapok-debarked-*",
        "Type": "Block",
		"StackSize": 4		
    },
    "Makes": [{
        "Code": "neolithicmod:basket-frame-kapok-debarked-reeds",
        "Type": "Block",        
    }],
    "IsTool": false,
    "CraftSound": "sounds/block/planks",
    "Disabled": false
 },
 {
    "Mode": "Swap",
    "Takes": {
		"Code": "neolithicmod:branch-cordage-very-thin-maple-bark-reeds-ud",
        "Type": "Block",        
		"Remove": true	
    },
    "Tool": {
        "Code": "neolithicmod:branch-very-thin-maple-bark-*",
        "Type": "Block",
		"StackSize": 4		
    },
    "Makes": [{
        "Code": "neolithicmod:basket-frame-maple-bark-reeds",
        "Type": "Block",        
    }],
    "IsTool": false,
    "CraftSound": "sounds/block/planks",
    "Disabled": false
 },
 {
    "Mode": "Swap",
    "Takes": {
		"Code": "neolithicmod:branch-cordage-very-thin-maple-debarked-reeds-ud",
        "Type": "Block",        
		"Remove": true	
    },
    "Tool": {
        "Code": "neolithicmod:branch-very-thin-maple-debarked-*",
        "Type": "Block",
		"StackSize": 4		
    },
    "Makes": [{
        "Code": "neolithicmod:basket-frame-maple-debarked-reeds",
        "Type": "Block",        
    }],
    "IsTool": false,
    "CraftSound": "sounds/block/planks",
    "Disabled": false
 },
 {
    "Mode": "Swap",
    "Takes": {
		"Code": "neolithicmod:branch-cordage-very-thin-oak-bark-reeds-ud",
        "Type": "Block",        
		"Remove": true	
    },
    "Tool": {
        "Code": "neolithicmod:branch-very-thin-oak-bark-*",
        "Type": "Block",
		"StackSize": 4		
    },
    "Makes": [{
        "Code": "neolithicmod:basket-frame-oak-bark-reeds",
        "Type": "Block",        
    }],
    "IsTool": false,
    "CraftSound": "sounds/block/planks",
    "Disabled": false
 },
 {
    "Mode": "Swap",
    "Takes": {
		"Code": "neolithicmod:branch-cordage-very-thin-oak-debarked-reeds-ud",
        "Type": "Block",        
		"Remove": true	
    },
    "Tool": {
        "Code": "neolithicmod:branch-very-thin-oak-debarked-*",
        "Type": "Block",
		"StackSize": 4		
    },
    "Makes": [{
        "Code": "neolithicmod:basket-frame-oak-debarked-reeds",
        "Type": "Block",        
    }],
    "IsTool": false,
    "CraftSound": "sounds/block/planks",
    "Disabled": false
 },
 {
    "Mode": "Swap",
    "Takes": {
		"Code": "neolithicmod:branch-cordage-very-thin-pine-bark-reeds-ud",
        "Type": "Block",        
		"Remove": true	
    },
    "Tool": {
        "Code": "neolithicmod:branch-very-thin-pine-bark-*",
        "Type": "Block",
		"StackSize": 4		
    },
    "Makes": [{
        "Code": "neolithicmod:basket-frame-pine-bark-reeds",
        "Type": "Block",        
    }],
    "IsTool": false,
    "CraftSound": "sounds/block/planks",
    "Disabled": false
 },
 {
    "Mode": "Swap",
    "Takes": {
		"Code": "neolithicmod:branch-cordage-very-thin-pine-debarked-reeds-ud",
        "Type": "Block",        
		"Remove": true	
    },
    "Tool": {
        "Code": "neolithicmod:branch-very-thin-pine-debarked-*",
        "Type": "Block",
		"StackSize": 4		
    },
    "Makes": [{
        "Code": "neolithicmod:basket-frame-pine-debarked-reeds",
        "Type": "Block",        
    }],
    "IsTool": false,
    "CraftSound": "sounds/block/planks",
    "Disabled": false
 },
]